from_idx,to_idx,from_name,to_name
11,0,adding_and_subtracting_negative_numbers,absolute_value
0,1,absolute_value,absolute_value_add_sub
5,1,absolute_values_meaning,absolute_value_add_sub
1,2,absolute_value_add_sub,absolute_value_add_sub_properties
389,3,linear_equations_3,absolute_value_equations
753,4,the_complex_plane,absolute_value_of_complex_numbers
211,4,distance_formula,absolute_value_of_complex_numbers
143,4,complex_number_polar_form_intuition_new,absolute_value_of_complex_numbers
11,5,adding_and_subtracting_negative_numbers,absolute_values_meaning
359,5,interpreting_absolute_value,absolute_values_meaning
511,6,operations_with_negative_numbers,add_subtract_negative_fractions
373,7,l_ml_time_div,adding_and_subtracting_centimeter_and_millimeter
12,8,adding_and_subtracting_polynomials,adding_and_subtracting_complex_numbers
753,8,the_complex_plane,adding_and_subtracting_complex_numbers
723,9,subtracting_decimals,adding_and_subtracting_decimals_word_problems
725,10,subtracting_fractions,adding_and_subtracting_fractions
21,10,adding_fractions,adding_and_subtracting_fractions
23,11,adding_negative_numbers,adding_and_subtracting_negative_numbers
256,12,equation_of_a_line,adding_and_subtracting_polynomials
688,13,simplifying_radicals,adding_and_subtracting_radicals
733,14,subtraction_within_20,adding_and_subtracting_within_20
628,14,repeated_addition,adding_and_subtracting_within_20
34,15,addition_4,adding_decimals
16,15,adding_decimals_0.5,adding_decimals
616,15,recognize_num_less_than_10000,adding_decimals
197,16,decimals_on_the_number_line_2,adding_decimals_0.5
198,16,decimals_on_the_number_line_2_new,adding_decimals_0.5
15,19,adding_decimals,adding_decimals_2
22,21,adding_fractions_with_common_denominators,adding_fractions
687,21,simplifying_fractions,adding_fractions
513,22,order_of_operations,adding_fractions_with_common_denominators
620,22,recognizing_fractions_0.5,adding_fractions_with_common_denominators
517,23,ordering_negative_numbers,adding_negative_numbers
730,24,subtraction_4,adding_subtracting_carry_2
731,24,subtraction_and_addition,adding_subtracting_carry_2
11,26,adding_and_subtracting_negative_numbers,adding_subtracting_dicimals_fractions_and_percentage
10,27,adding_and_subtracting_fractions,adding_subtracting_mixed_numbers_0.5
170,27,converting_mixed_numbers_and_improper_fractions,adding_subtracting_mixed_numbers_0.5
27,28,adding_subtracting_mixed_numbers_0.5,adding_subtracting_mixed_numbers_1
729,29,subtraction_3,adding_subtracting_no_carry_3
387,30,linear_equations_1,adding_vectors
487,32,number_line,addition_2
31,32,addition_1,addition_2
177,32,count_number_to_100,addition_2
785,32,understand_coins,addition_2
494,32,number_line_4,addition_2
14,32,adding_and_subtracting_within_20,addition_2
32,33,addition_2,addition_3
32,34,addition_2,addition_4
261,34,estimation_three-digit_add_sub,addition_4
722,35,subtract_of_positive_negative_fraction,addition_of_vary_denominator_fraction
756,36,time_terminology,addition_two_numbers
308,38,fractions_word_problem,advanced_fraction
826,39,writing_expressions_1,age_problems
826,40,writing_expressions_1,age_problems_new
389,41,linear_equations_3,age_word_problems
650,42,segment_addition,alternate_exterior_angles
524,43,parallel_lines_1,alternate_exterior_angles_2
156,43,congruent_angles,alternate_exterior_angles_2
650,44,segment_addition,alternate_interior_angles
524,45,parallel_lines_1,alternate_interior_angles_2
156,45,congruent_angles,alternate_interior_angles_2
807,49,vertical_angles,angle_addition_postulate
767,50,triangle_angles_1,angle_bisector_theorem
355,51,inscribed_angles_3,angle_of_osculation
791,52,understanding_comparing_angle,angle_rotation
621,53,recognizing_rays_lines_and_line_segments,angle_types
52,53,angle_rotation,angle_types
772,54,triangle_types,angles_1
54,55,angles_1,angles_2
577,56,quadrilateral_types,angles_of_a_polygon
343,58,hundred_million_adding_and_subtracting,application_division_large_nums
378,59,least_common_multiple,application_of_gcd_and_lcm_1
389,60,linear_equations_3,application_of_linear_equations_1
646,62,scientific_notation_decimals,application_of_scientific_notation
62,63,application_of_scientific_notation,application_of_scientific_notation_2
272,64,exponents_1,applications_of_index
636,65,rounding_numbers,approximate_number
70,66,area_of_fans,arc_length_and_circular_sector_area
513,67,order_of_operations,area_1
72,68,area_of_squares_and_rectangles,area_of_a_circle
588,68,radius_diameter_and_circumference_314_1,area_of_a_circle
68,69,area_of_a_circle,area_of_a_circle2
649,70,sectors_as_fraction_of_circles_2,area_of_fans
55,71,angles_2,area_of_parallelograms
67,72,area_1,area_of_squares_and_rectangles
77,72,area_unit_cm_square,area_of_squares_and_rectangles
72,73,area_of_squares_and_rectangles,area_of_triangles_1
376,74,large_angle_long_edge,area_of_triangular_shapes
602,74,re_graphics,area_of_triangular_shapes
778,75,triangles_similar_nature,area_relationship_larger_narrow_graph
75,76,area_relationship_larger_narrow_graph,area_relationship_larger_narrow_num
67,77,area_1,area_unit_cm_square
71,78,area_of_parallelograms,areas_of_circles_and_sectors
55,79,angles_2,areas_of_kites
55,80,angles_2,areas_of_rhombi
55,81,angles_2,areas_of_trapezoids
85,83,arithmetic_sequences_3,arithmetic_means
513,84,order_of_operations,arithmetic_reasoning
184,85,counting_2,arithmetic_sequences_3
665,85,seq_understanding_sequence_2,arithmetic_sequences_3
433,86,midpoint_coordinates,arithmetic_series
85,87,arithmetic_sequences_3,arithmetic_series_1
90,88,arithmetic_word_problems_2,arithmetic_word_problems
449,88,multiplication_and_division_word_problems,arithmetic_word_problems
32,89,addition_2,arithmetic_word_problems_1
728,89,subtraction_2,arithmetic_word_problems_1
445,90,multiplication_2,arithmetic_word_problems_2
237,90,division_1,arithmetic_word_problems_2
122,91,compare_shapes,attributs_of_shapes
417,92,mean_median_and_mode,average_word_problems
675,93,similar_triangles_1,axis_of_symmetry
598,94,ratio_and_the_ratio_of,baseline_compareline
642,94,scale,baseline_compareline
96,94,basic_compared_with_the_reference_quantity,baseline_compareline
94,95,baseline_compareline,baseline_compareline_application
556,97,properties_of_incenters,basic_concept_of_circumcenter
525,98,parallel_lines_2,basic_concept_of_congruent_triangles
418,98,meaning_congruent_planar_graph,basic_concept_of_congruent_triangles
526,98,parallel_lines_proportion,basic_concept_of_congruent_triangles
676,99,similar_triangles_2,basic_concept_of_similar_shapes
554,100,probability_1,basic_concepts_of_probability_1
100,101,basic_concepts_of_probability_1,basic_concepts_of_probability_2
71,102,area_of_parallelograms,basic_graph_and_composite_graph_area
92,103,average_word_problems,calculating_averages_advanced
831,104,writing_proportions,calculation_of_proportions
597,104,ratio,calculation_of_proportions
709,105,solving_similar_triangles_2,calculations_using_similar_shapes
551,108,power_rule,chain_rule_1
711,108,special_derivatives,chain_rule_1
513,109,order_of_operations,chickens_and_rabbits_questions
584,111,radius_angle,circumferential_angle
12,113,adding_and_subtracting_polynomials,combinations_of_polynomials
549,113,polynomial_concept_and_proper_noun,combinations_of_polynomials
476,114,multiplying_radicals,combining_like_terms_1
114,115,combining_like_terms_1,combining_like_terms_2
829,116,writing_expressions_w_two_var,combining_like_terms_with_two_variables
681,116,simplificate_ractional_formula,combining_like_terms_with_two_variables
475,117,multiplying_polynomials,common_factor
117,118,common_factor,common_factor_advance
710,121,sort-groups-by-count_1,common_form_for_life
478,122,naming_shapes_2,compare_shapes
477,122,naming_shapes,compare_shapes
0,123,absolute_value,comparing_absolute_values
825,124,writing_and_interpreting_decimals,comparing_decimal_place_value
125,126,comparing_decimals_1,comparing_decimals_2
687,127,simplifying_fractions,comparing_fractions_1
127,128,comparing_fractions_1,comparing_fractions_2
170,129,converting_mixed_numbers_and_improper_fractions,comparing_improper_fractions_and_mixed_numbers
423,130,measuring_lengths_2,comparing_lengths
424,132,measuring_lengths_with_different_units,comparing_size
458,133,multiply_by_tens,comparing_with_multiplication
503,134,number_sequence_within_ten,comparison_between_numbers_within_ten
178,134,count_number_to_20,comparison_between_numbers_within_ten
135,134,comparison_between_numbers_within_ten_0.5,comparison_between_numbers_within_ten
503,135,number_sequence_within_ten,comparison_between_numbers_within_ten_0.5
734,136,supplementary_angles,complementary_and_supplementary_angles
137,136,complementary_angles,complementary_and_supplementary_angles
421,136,measuring_angles,complementary_and_supplementary_angles
53,137,angle_types,complementary_angles
707,138,solving_quadratics_by_taking_the_square_root,completing_the_square_1
705,138,solving_quadratics_by_factoring,completing_the_square_1
141,138,completing_the_square_2_new,completing_the_square_1
707,139,solving_quadratics_by_taking_the_square_root,completing_the_square_1_new
706,140,solving_quadratics_by_factoring_2,completing_the_square_2
138,140,completing_the_square_1,completing_the_square_2
139,141,completing_the_square_1_new,completing_the_square_2_new
38,142,advanced_fraction,complex_fraction
232,145,divisibility_0.5,composite_numbers
234,145,divisibility_tests,composite_numbers
510,146,one_step_inequalities,compound_inequalities
348,146,inequalities_and_expressions,compound_inequalities
718,148,square_roots,computing_law_with_power
576,149,quadrilateral_angles,concepts_related_to_diamond
576,150,quadrilateral_angles,concepts_related_to_kite
576,151,quadrilateral_angles,concepts_related_to_parallelogram
163,153,converse_inverse_and_contrapositive,conditional_statements_and_truth_value
152,153,conditional_statements_2,conditional_statements_and_truth_value
735,154,surface_area_of_cylinders,cone_surface_arc
55,155,angles_2,congruency_postulates
638,156,same_side_exterior_angles,congruent_angles
640,156,same_side_interior_angles,congruent_angles
42,156,alternate_exterior_angles,congruent_angles
175,156,corresponding_angles,congruent_angles
44,156,alternate_interior_angles,congruent_angles
621,157,recognizing_rays_lines_and_line_segments,congruent_segments
55,158,angles_2,congruent_triangles_1
525,158,parallel_lines_2,congruent_triangles_1
98,158,basic_concept_of_congruent_triangles,congruent_triangles_1
158,159,congruent_triangles_1,congruent_triangles_2
155,159,congruency_postulates,congruent_triangles_2
309,161,functions_1,constant_function_and_a_fuction
359,162,interpreting_absolute_value,constructing_and_interpreting_absolute_value
479,163,narrative_and_opposite_narrative,converse_inverse_and_contrapositive
545,164,point_slope_form,converting_between_point_slope_and_slope_intercept
694,164,slope_intercept_form,converting_between_point_slope_and_slope_intercept
694,165,slope_intercept_form,converting_between_slope_intercept_and_standard_form
169,166,converting_fractions_to_decimals,converting_decimals_to_fractions_1
10,166,adding_and_subtracting_fractions,converting_decimals_to_fractions_1
166,167,converting_decimals_to_fractions_1,converting_decimals_to_fractions_2
167,168,converting_decimals_to_fractions_2,converting_decimals_to_percents
294,168,finding_percentage,converting_decimals_to_percents
216,169,dividing_decimals_0.5,converting_fractions_to_decimals
620,169,recognizing_fractions_0.5,converting_fractions_to_decimals
687,170,simplifying_fractions,converting_mixed_numbers_and_improper_fractions
167,171,converting_decimals_to_fractions_2,converting_percents_to_decimals
390,172,linear_equations_4,converting_repeating_decimals_to_fractions_1
172,173,converting_repeating_decimals_to_fractions_1,converting_repeating_decimals_to_fractions_2
650,175,segment_addition,corresponding_angles
524,176,parallel_lines_1,corresponding_angles_2
156,176,congruent_angles,corresponding_angles_2
181,177,count_numbers,count_number_to_100
180,177,count_number_to_50,count_number_to_100
37,177,addition_within_20,count_number_to_100
419,177,meaning_of_equal_sign,count_number_to_100
178,179,count_number_to_20,count_number_to_20_2
504,180,number_within_fifty,count_number_to_50
633,181,representing_numbers,count_numbers
272,183,exponents_1,counting_1
10,183,adding_and_subtracting_fractions,counting_1
183,184,counting_1,counting_2
603,185,reading_bar_charts_1,creating_bar_charts_1
417,186,mean_median_and_mode,creating_box_and_whisker_plots
591,186,range_quarter_case_chart,creating_box_and_whisker_plots
705,187,solving_quadratics_by_factoring,cross_multiplication_advanced
290,187,factorization_quadratic_polynomial,cross_multiplication_advanced
273,189,exponents_2,cube_roots
756,192,time_terminology,date_and_weekday
358,193,integers_multiply_decimals2,decimal_multiplier_calculation
794,194,understanding_moving_the_decimal,decimal_two_steps
167,195,converting_decimals_to_fractions_2,decimals_distributive_law_of_multiplication
32,196,addition_2,decimals_on_the_number_line_1
625,196,regrouping_decimals,decimals_on_the_number_line_1
196,197,decimals_on_the_number_line_1,decimals_on_the_number_line_2
196,198,decimals_on_the_number_line_1,decimals_on_the_number_line_2_new
22,199,adding_fractions_with_common_denominators,decomposing_fractions
309,200,functions_1,define_one_function
493,201,number_line_3,definition_opposite_number
159,202,congruent_triangles_2,degrees_to_radians
259,203,equivalent_fractions_2,denominator_comparison
347,204,independent_probability,dependent_probability
384,205,limits_2,derivative_intuition
205,206,derivative_intuition,derivatives_1
389,208,linear_equations_3,direct_and_inverse_variation
168,209,converting_decimals_to_percents,discount_tax_and_tip_word_problems
171,209,converting_percents_to_decimals,discount_tax_and_tip_word_problems
386,210,line_relationships,distance_between_point_and_line
335,210,graphing_systems_of_equations,distance_between_point_and_line
567,211,pythagorean_theorem_1,distance_formula
566,211,pythagorean_thaorem_application,distance_formula
461,212,multiplying_and_dividing_negative_numbers,distributive_property
464,214,multiplying_complex_numbers,dividing_complex_numbers
218,215,dividing_decimals_2,dividing_decimals
242,216,division_3,dividing_decimals_0.5
216,217,dividing_decimals_0.5,dividing_decimals_1
243,217,division_4,dividing_decimals_1
220,217,dividing_decimals_int_to_int_0.7,dividing_decimals_1
217,218,dividing_decimals_1,dividing_decimals_2
216,219,dividing_decimals_0.5,dividing_decimals_int_to_int_0.5
219,220,dividing_decimals_int_to_int_0.5,dividing_decimals_int_to_int_0.7
469,221,multiplying_fractions,dividing_fractions
222,221,dividing_fractions_0.5,dividing_fractions
470,222,multiplying_fractions_0.5,dividing_fractions_0.5
222,223,dividing_fractions_0.5,dividing_fractions_word_problems
300,223,fractional_division_life_problem,dividing_fractions_word_problems
225,224,dividing_polynomials_1,dividing_polynomials
468,225,multiplying_expressions_1,dividing_polynomials_1
475,225,multiplying_polynomials,dividing_polynomials_1
618,225,recognizing_factoring,dividing_polynomials_1
225,226,dividing_polynomials_1,dividing_polynomials_2
226,227,dividing_polynomials_2,dividing_polynomials_3
227,228,dividing_polynomials_3,dividing_polynomials_4
224,229,dividing_polynomials,dividing_polynomials_5
229,230,dividing_polynomials_5,dividing_polynomials_6
552,231,prime_factorization,divisibility
233,232,divisibility_intuition,divisibility_0.5
240,233,division_2,divisibility_intuition
233,234,divisibility_intuition,divisibility_tests
443,235,multiplication_1,division_0.5
235,236,division_0.5,division_0.9
235,237,division_0.5,division_1
236,238,division_0.9,division_1.4
237,238,division_1,division_1.4
237,239,division_1,division_1.5
239,240,division_1.5,division_2
240,241,division_2,division_2.9
445,242,multiplication_2,division_3
240,242,division_2,division_3
242,243,division_3,division_4
239,244,division_1.5,division_word_problems_1
244,245,division_word_problems_1,division_word_problems_2
242,245,division_3,division_word_problems_2
309,246,functions_1,domain_and_range_0.5
310,247,functions_2,domain_of_a_function
246,247,domain_and_range_0.5,domain_of_a_function
605,248,reading_bar_charts_3,draw_a_pie_chart
270,250,exploring_standard_deviation_1,empirical_rule
720,250,standard_deviation,empirical_rule
341,252,halves_and_fourths,equal_parts_of_circles_and_rectangles
617,253,recognizing_conic_sections,equation_of_a_circle_1
253,254,equation_of_a_circle_1,equation_of_a_circle_2
253,255,equation_of_a_circle_1,equation_of_a_hyperbola
165,256,converting_between_slope_intercept_and_standard_form,equation_of_a_line
164,256,converting_between_point_slope_and_slope_intercept,equation_of_a_line
253,257,equation_of_a_circle_1,equation_of_an_ellipse
513,258,order_of_operations,equivalent_fractions
620,258,recognizing_fractions_0.5,equivalent_fractions
810,258,visualizing_equivalent_fraction,equivalent_fractions
258,259,equivalent_fractions,equivalent_fractions_2
203,260,denominator_comparison,equivalent_fractions_conversion
32,261,addition_2,estimation_three-digit_add_sub
636,262,rounding_numbers,estimation_with_decimals
65,262,approximate_number,estimation_with_decimals
682,263,simplify_expressions_w_two_var_1,eval_expressions_w_two_var
476,264,multiplying_radicals,evaluating_expressions_1
10,264,adding_and_subtracting_fractions,evaluating_expressions_1
630,264,represent_by_symbol_dividend,evaluating_expressions_1
264,265,evaluating_expressions_1,evaluating_expressions_2
310,266,functions_2,even_and_odd_functions
53,268,angle_types,exploring_angle_pairs_1
421,268,measuring_angles,exploring_angle_pairs_1
513,269,order_of_operations,exploring_mean_and_median
803,270,variance,exploring_standard_deviation_1
273,271,exponents_2,exponent_rules
461,272,multiplying_and_dividing_negative_numbers,exponents_1
64,273,applications_of_index,exponents_2
273,274,exponents_2,exponents_3
274,275,exponents_3,exponents_4
687,276,simplifying_fractions,expressing_ratios_as_fractions
390,277,linear_equations_4,expressions_with_unknown_variables
277,278,expressions_with_unknown_variables,expressions_with_unknown_variables_2
340,279,greatest_common_divisor,factor_word_problems
468,280,multiplying_expressions_1,factoring_difference_of_squares_1
475,280,multiplying_polynomials,factoring_difference_of_squares_1
280,281,factoring_difference_of_squares_1,factoring_difference_of_squares_2
281,282,factoring_difference_of_squares_2,factoring_difference_of_squares_3
468,284,multiplying_expressions_1,factoring_polynomials_1
475,284,multiplying_polynomials,factoring_polynomials_1
284,285,factoring_polynomials_1,factoring_polynomials_2
285,287,factoring_polynomials_2,factoring_polynomials_by_grouping_1
285,288,factoring_polynomials_2,factoring_polynomials_with_two_variables
282,289,factoring_difference_of_squares_3,factorization_by_add_sub_square
705,290,solving_quadratics_by_factoring,factorization_quadratic_polynomial
252,291,equal_parts_of_circles_and_rectangles,filling_rectangles_with_same-sized_squares
93,293,axis_of_symmetry,finding_axis_of_symmetry
513,295,order_of_operations,four_operations_and_decimal_fraction
299,298,fraction_word_problems_1,fraction_of_one_step_to_unknow_formula
22,299,adding_fractions_with_common_denominators,fraction_word_problems_1
726,299,subtracting_fractions_with_common_denominators,fraction_word_problems_1
222,300,dividing_fractions_0.5,fractional_division_life_problem
221,303,dividing_fractions,fractions_cut_and_copy_1
303,304,fractions_cut_and_copy_1,fractions_cut_and_copy_2
620,305,recognizing_fractions_0.5,fractions_on_the_number_line_1
170,306,converting_mixed_numbers_and_improper_fractions,fractions_on_the_number_line_2
306,307,fractions_on_the_number_line_2,fractions_on_the_number_line_3
469,308,multiplying_fractions,fractions_word_problem
389,309,linear_equations_3,functions_1
309,310,functions_1,functions_2
161,310,constant_function_and_a_fuction,functions_2
310,311,functions_2,functions_3
378,313,least_common_multiple,gcd_and_lcm_word_problems
340,313,greatest_common_divisor,gcd_and_lcm_word_problems
340,314,greatest_common_divisor,gcd_of_life
546,315,points_lines_and_planes,geometric_construction
110,317,circles_and_arcs,geometry_about_circle_concept
577,318,quadrilateral_types,geometry_categorial_proposition
159,319,congruent_triangles_2,geometry_identification_concept
159,320,congruent_triangles_2,geometry_proofs_1
319,320,geometry_identification_concept,geometry_proofs_1
320,321,geometry_proofs_1,geometry_proofs_2
159,322,congruent_triangles_2,geometry_proofs_intro
396,322,logical_arguments_deductive_reasoning,geometry_proofs_intro
153,322,conditional_statements_and_truth_value,geometry_proofs_intro
552,323,prime_factorization,get_gcd_and_lcm
292,323,find_gcd_and_lcm,get_gcd_and_lcm
326,324,graphing_linear_equations,graphing_inequalities
324,325,graphing_inequalities,graphing_inequalities_2
256,326,equation_of_a_line,graphing_linear_equations
521,327,parabola_intuition_2,graphing_parabolas_0.5
327,328,graphing_parabolas_0.5,graphing_parabolas_1
328,329,graphing_parabolas_1,graphing_parabolas_2
805,329,vertex_of_a_parabola,graphing_parabolas_2
387,330,linear_equations_1,graphing_points
330,331,graphing_points,graphing_points_2
345,332,identifying_points_2,graphing_points_fraction_1
330,333,graphing_points,graphing_points_fraction_2
76,334,area_relationship_larger_narrow_num,graphing_scaling
326,335,graphing_linear_equations,graphing_systems_of_equations
335,336,graphing_systems_of_equations,graphing_systems_of_inequalities
325,336,graphing_inequalities_2,graphing_systems_of_inequalities
336,337,graphing_systems_of_inequalities,graphing_systems_of_inequalities_2
360,338,interpreting_linear_equations,graphs_of_linear_equations
783,339,trigonometry_2,graphs_of_sine_and_cosine
242,340,division_3,greatest_common_divisor
552,340,prime_factorization,greatest_common_divisor
323,340,get_gcd_and_lcm,greatest_common_divisor
669,342,shaded_areas,herons_formula
538,343,place_value,hundred_million_adding_and_subtracting
723,343,subtracting_decimals,hundred_million_adding_and_subtracting
57,343,application_add_large_nums,hundred_million_adding_and_subtracting
787,343,understand_large_numbers_and_conversion,hundred_million_adding_and_subtracting
330,344,graphing_points,identifying_points_1
330,345,graphing_points,identifying_points_2
256,346,equation_of_a_line,imaginary_unit_powers
554,347,probability_1,independent_probability
398,348,marking_inequalities_range_on_a_number_line,inequalities_and_expressions
387,349,linear_equations_1,inequalities_on_a_number_line
613,349,realizing_inequalities,inequalities_on_a_number_line
392,350,linear_inequalities,inequality_properties
702,351,solving_linear_inequalities,inequality_symbol_word_problems
110,353,circles_and_arcs,inscribed_angles_1
584,353,radius_angle,inscribed_angles_1
111,353,circumferential_angle,inscribed_angles_1
353,354,inscribed_angles_1,inscribed_angles_2
354,355,inscribed_angles_2,inscribed_angles_3
513,356,order_of_operations,integer_arithmetic
824,356,word_problem_formula_translate,integer_arithmetic
295,356,four_operations_and_decimal_fraction,integer_arithmetic
15,357,adding_decimals,integers_multiply_decimals
357,358,integers_multiply_decimals,integers_multiply_decimals2
0,359,absolute_value,interpreting_absolute_value
331,360,graphing_points_2,interpreting_linear_equations
344,360,identifying_points_1,interpreting_linear_equations
345,360,identifying_points_2,interpreting_linear_equations
493,361,number_line_3,interpreting_negative_numbers
208,362,direct_and_inverse_variation,inverse_proportional_calculation
783,363,trigonometry_2,inverse_trig_functions
247,364,domain_of_a_function,inverses_of_functions
589,364,range_of_a_function,inverses_of_functions
93,365,axis_of_symmetry,judging_axis_of_symmetry
368,366,kg_g_unit_transform,kg_g_arithmatic
369,366,kg_g_unit_transform2,kg_g_arithmatic
366,367,kg_g_arithmatic,kg_g_time_div
430,368,metric_weight_unit_conversion,kg_g_unit_transform
368,369,kg_g_unit_transform,kg_g_unit_transform2
569,370,quadratic_equation,kinematic_equations
428,371,metric_area_unit_comparison,km_m_unit_transform
374,372,l_ml_transform,l_ml_arithmatic
375,373,l_ml_word_problem,l_ml_time_div
792,374,understanding_decimals_place_value,l_ml_transform
436,374,millimeter_and_centimeter,l_ml_transform
374,375,l_ml_transform,l_ml_word_problem
772,376,triangle_types,large_angle_long_edge
378,377,least_common_multiple,lcm_word_problems
552,378,prime_factorization,least_common_multiple
323,378,get_gcd_and_lcm,least_common_multiple
552,379,prime_factorization,least_common_multiple_and_greatest_common_divisor_word_problems
59,379,application_of_gcd_and_lcm_1,least_common_multiple_and_greatest_common_divisor_word_problems
423,380,measuring_lengths_2,length_word_problem
130,380,comparing_lengths,length_word_problem
551,381,power_rule,lhopitals_rule
711,381,special_derivatives,lhopitals_rule
569,383,quadratic_equation,limits_1
339,383,graphs_of_sine_and_cosine,limits_1
363,383,inverse_trig_functions,limits_1
779,383,trig_identities_1,limits_1
383,384,limits_1,limits_2
695,385,slope_of_a_line,line_graph_intuition
256,386,equation_of_a_line,line_relationships
265,387,evaluating_expressions_2,linear_equations_1
508,387,one_step_equations,linear_equations_1
115,387,combining_like_terms_2,linear_equations_1
387,388,linear_equations_1,linear_equations_2
388,389,linear_equations_2,linear_equations_3
389,390,linear_equations_3,linear_equations_4
60,391,application_of_linear_equations_1,linear_equations_word_problems_2
389,392,linear_equations_3,linear_inequalities
510,392,one_step_inequalities,linear_inequalities
546,393,points_lines_and_planes,lines_plane_vertical_parallel
274,394,exponents_3,logarithms_1
394,395,logarithms_1,logarithms_2
163,396,converse_inverse_and_contrapositive,logical_arguments_deductive_reasoning
650,397,segment_addition,make_a_line_by_ruler_and_compasses
510,398,one_step_inequalities,marking_inequalities_range_on_a_number_line
168,399,converting_decimals_to_percents,markup_and_commission_word_problems
171,399,converting_percents_to_decimals,markup_and_commission_word_problems
742,400,systems_of_equations_with_elimination,matrix_add_sub_2
405,400,matrix_basic_percentage,matrix_add_sub_2
400,401,matrix_add_sub_2,matrix_add_sub_3
400,402,matrix_add_sub_2,matrix_add_zero_negative
408,403,matrix_mul_scalar,matrix_app_fruit_oil
405,404,matrix_basic_percentage,matrix_basic_distance
345,405,identifying_points_2,matrix_basic_percentage
332,405,graphing_points_fraction_1,matrix_basic_percentage
405,406,matrix_basic_percentage,matrix_basic_product
412,407,matrix_row_echelon,matrix_gaussian_elimination
401,408,matrix_add_sub_3,matrix_mul_scalar
401,409,matrix_add_sub_3,matrix_mul_two
402,411,matrix_add_zero_negative,matrix_mul_zero_one
415,412,matrix_transpose,matrix_row_echelon
406,413,matrix_basic_product,matrix_row_operation
402,414,matrix_add_zero_negative,matrix_submatrix
406,415,matrix_basic_product,matrix_transpose
413,416,matrix_row_operation,matrix_triangular_and_symmetric
269,417,exploring_mean_and_median,mean_median_and_mode
692,419,skip_counting_by_10s,meaning_of_equal_sign
421,420,measuring_angles,measuring_and_comparing_angles
621,421,recognizing_rays_lines_and_line_segments,measuring_angles
422,423,measuring_lengths_1,measuring_lengths_2
621,425,recognizing_rays_lines_and_line_segments,measuring_segments
380,425,length_word_problem,measuring_segments
436,426,millimeter_and_centimeter,meters_and_centimeters
429,428,metric_area_unit_conversion,metric_area_unit_comparison
636,429,rounding_numbers,metric_area_unit_conversion
636,430,rounding_numbers,metric_weight_unit_conversion
430,431,metric_weight_unit_conversion,metric_weight_unit_selection
430,432,metric_weight_unit_conversion,metric_weight_unit_word_problem
85,433,arithmetic_sequences_3,midpoint_coordinates
211,434,distance_formula,midpoint_formula
425,435,measuring_segments,midpoint_of_a_segment
157,435,congruent_segments,midpoint_of_a_segment
792,436,understanding_decimals_place_value,millimeter_and_centimeter
756,437,time_terminology,morning_afternoon_night
331,438,graphing_points_2,moving_points
681,439,simplificate_ractional_formula,multiple_brackets
104,440,calculation_of_proportions,multiple_proportions_reasoning
428,441,metric_area_unit_comparison,multiple_unit_transate
32,442,addition_2,multiplication_0.5
442,443,multiplication_0.5,multiplication_1
443,444,multiplication_1,multiplication_1.5
133,444,comparing_with_multiplication,multiplication_1.5
444,445,multiplication_1.5,multiplication_2
455,445,multiplication_with_carrying,multiplication_2
445,446,multiplication_2,multiplication_3
459,446,multiplying_2_digits_by_2_digits_with_area_models,multiplication_3
446,447,multiplication_3,multiplication_4
88,448,arithmetic_word_problems,multiplication_and_division_order
460,448,multiplying_and_dividing,multiplication_and_division_order
90,449,arithmetic_word_problems_2,multiplication_and_division_word_problems
212,450,distributive_property,multiplication_association_word_problems
475,451,multiplying_polynomials,multiplication_formula_1
451,452,multiplication_formula_1,multiplication_formula_add
475,453,multiplying_polynomials,multiplication_formula_minus
452,454,multiplication_formula_add,multiplication_formula_sub
444,455,multiplication_1.5,multiplication_with_carrying
447,456,multiplication_4,multiplication_word_problems
446,456,multiplication_3,multiplication_word_problems
299,457,fraction_word_problems_1,multiplicative_problems
298,457,fraction_of_one_step_to_unknow_formula,multiplicative_problems
443,458,multiplication_1,multiply_by_tens
445,459,multiplication_2,multiplying_2_digits_by_2_digits_with_area_models
88,460,arithmetic_word_problems,multiplying_and_dividing
11,461,adding_and_subtracting_negative_numbers,multiplying_and_dividing_negative_numbers
243,461,division_4,multiplying_and_dividing_negative_numbers
11,462,adding_and_subtracting_negative_numbers,multiplying_and_dividing_negative_numbers_new
645,463,scientific_notation,multiplying_and_dividing_scientific_notation
468,464,multiplying_expressions_1,multiplying_complex_numbers
8,464,adding_and_subtracting_complex_numbers,multiplying_complex_numbers
358,465,integers_multiply_decimals2,multiplying_decimal_integer
447,466,multiplication_4,multiplying_decimals
357,466,integers_multiply_decimals,multiplying_decimals
12,467,adding_and_subtracting_polynomials,multiplying_expressions_0.5
467,468,multiplying_expressions_0.5,multiplying_expressions_1
470,469,multiplying_fractions_0.5,multiplying_fractions
687,470,simplifying_fractions,multiplying_fractions_0.5
6,472,add_subtract_negative_fractions,multiplying_fractions_by_integers
469,473,multiplying_fractions,multiplying_fractions_word_problems
170,474,converting_mixed_numbers_and_improper_fractions,multiplying_mixed_numbers_1
469,474,multiplying_fractions,multiplying_mixed_numbers_1
467,475,multiplying_expressions_0.5,multiplying_polynomials
688,476,simplifying_radicals,multiplying_radicals
622,477,recognizing_shapes,naming_shapes
477,478,naming_shapes,naming_shapes_2
590,480,range_of_triangle_sides_2,nature_of_isosceles_triangle
11,481,adding_and_subtracting_negative_numbers,negative_number_word_problems
493,481,number_line_3,negative_number_word_problems
201,481,definition_opposite_number,negative_number_word_problems
11,482,adding_and_subtracting_negative_numbers,negative_numbers_multiply_divide
462,482,multiplying_and_dividing_negative_numbers_new,negative_numbers_multiply_divide
493,483,number_line_3,negative_nums_on_num_line_without_reference_to_zero
389,484,linear_equations_3,new_definitions_1
484,485,new_definitions_1,new_definitions_2
495,486,number_properties_terminology_1,notation_calculation_type
489,488,number_line_0.5_new,number_line_0.5
487,489,number_line,number_line_0.5_new
491,490,number_line_0.7_new,number_line_0.7
488,491,number_line_0.5,number_line_0.7_new
723,492,subtracting_decimals,number_line_2
492,493,number_line_2,number_line_3
490,494,number_line_0.7,number_line_4
461,495,multiplying_and_dividing_negative_numbers,number_properties_terminology_1
496,497,number_sense_length_l1,number_sense_length_l2
497,498,number_sense_length_l2,number_sense_length_l3
500,501,number_sense_weight_l1,number_sense_weight_l2
501,502,number_sense_weight_l2,number_sense_weight_l3
651,503,separation_and_union,number_sequence_within_ten
179,504,count_number_to_20_2,number_within_fifty
727,506,subtraction_1,one_more_one_less
32,506,addition_2,one_more_one_less
264,507,evaluating_expressions_1,one_step_equation_problems
786,507,understand_equivalent_axiom,one_step_equation_problems
264,508,evaluating_expressions_1,one_step_equations
349,510,inequalities_on_a_number_line,one_step_inequalities
11,511,adding_and_subtracting_negative_numbers,operations_with_negative_numbers
26,511,adding_subtracting_dicimals_fractions_and_percentage,operations_with_negative_numbers
558,513,properties_of_numbers_2,order_of_operations
495,513,number_properties_terminology_1,order_of_operations
212,513,distributive_property,order_of_operations
486,513,notation_calculation_type,order_of_operations
614,514,recognize_decimal_percentile_position,ordering_decimals_new
128,515,comparing_fractions_2,ordering_fractions
129,516,comparing_improper_fractions_and_mixed_numbers,ordering_improper_fractions_and_mixed_numbers
493,517,number_line_3,ordering_negative_numbers
483,517,negative_nums_on_num_line_without_reference_to_zero,ordering_negative_numbers
515,518,ordering_fractions,ordering_numbers
617,520,recognizing_conic_sections,parabola_intuition_1
520,521,parabola_intuition_1,parabola_intuition_2
805,522,vertex_of_a_parabola,parabola_intuition_3
546,523,points_lines_and_planes,parallel_and_perpendicular
638,524,same_side_exterior_angles,parallel_lines_1
640,524,same_side_interior_angles,parallel_lines_1
42,524,alternate_exterior_angles,parallel_lines_1
44,524,alternate_interior_angles,parallel_lines_1
175,524,corresponding_angles,parallel_lines_1
176,525,corresponding_angles_2,parallel_lines_2
43,525,alternate_exterior_angles_2,parallel_lines_2
45,525,alternate_interior_angles_2,parallel_lines_2
639,525,same_side_exterior_angles_2,parallel_lines_2
641,525,same_side_interior_angles_2,parallel_lines_2
525,526,parallel_lines_2,parallel_lines_proportion
150,527,concepts_related_to_kite,parallelogram_concept_and_application
536,528,perimeter_of_squares_and_rectangles,parts_of_circles
186,529,creating_box_and_whisker_plots,percentage_concept
168,530,converting_decimals_to_percents,percentage_word_problems_1
171,530,converting_percents_to_decimals,percentage_word_problems_1
530,531,percentage_word_problems_1,percentage_word_problems_2
513,532,order_of_operations,perimeter_1
790,532,understand_range_of_graphie,perimeter_1
532,533,perimeter_1,perimeter_deduction
534,533,perimeter_of_combined_shapes,perimeter_deduction
513,534,order_of_operations,perimeter_of_combined_shapes
795,534,understanding_square_rectangular,perimeter_of_combined_shapes
649,535,sectors_as_fraction_of_circles_2,perimeter_of_sector
532,536,perimeter_1,perimeter_of_squares_and_rectangles
184,537,counting_2,permutations_1
19,538,adding_decimals_2,place_value
614,538,recognize_decimal_percentile_position,place_value
538,539,place_value,place_value_big_number
538,540,place_value,place_value_concept
159,541,congruent_triangles_2,planar_graph_resizing
184,542,counting_2,planting_problems
626,542,regular_number_of_columns,planting_problems
607,543,reading_line_charts_1,plotting_the_line_of_best_fit
385,544,line_graph_intuition,plugging_in_values
385,545,line_graph_intuition,point_slope_form
621,546,recognizing_rays_lines_and_line_segments,points_lines_and_planes
321,547,geometry_proofs_2,polygon_geometry_characteristic
105,548,calculations_using_similar_shapes,polygon_similarity
110,550,circles_and_arcs,position_relation_between_circle_point
206,551,derivatives_1,power_rule
553,552,prime_numbers,prime_factorization
145,552,composite_numbers,prime_factorization
232,553,divisibility_0.5,prime_numbers
234,553,divisibility_tests,prime_numbers
184,554,counting_2,probability_1
551,555,power_rule,product_rule
711,555,special_derivatives,product_rule
577,556,quadrilateral_types,properties_of_incenters
461,557,multiplying_and_dividing_negative_numbers,properties_of_numbers_1
557,558,properties_of_numbers_1,properties_of_numbers_2
208,559,direct_and_inverse_variation,proportional_calculation
564,560,proportions_inner_outer_product,proportional_life_problems
559,561,proportional_calculation,proportional_or_inverse_proportional
362,561,inverse_proportional_calculation,proportional_or_inverse_proportional
562,563,proportions_1,proportions_2
831,564,writing_proportions,proportions_inner_outer_product
79,565,areas_of_kites,pyramidal_prism
567,566,pythagorean_theorem_1,pythagorean_thaorem_application
13,567,adding_and_subtracting_radicals,pythagorean_theorem_1
782,568,trigonometry_1.5,pythagorean_theorem_2
140,569,completing_the_square_2,quadratic_equation
309,570,functions_1,quadratic_function_concept
570,571,quadratic_function_concept,quadratic_function_graphing
571,572,quadratic_function_graphing,quadratic_function_maximum_and_minimum
572,573,quadratic_function_maximum_and_minimum,quadratic_function_word_problem
187,574,cross_multiplication_advanced,quadratic_polynomial_word_problem
187,575,cross_multiplication_advanced,quadratics_word_problems
574,575,quadratic_polynomial_word_problem,quadratics_word_problems
577,576,quadrilateral_types,quadrilateral_angles
55,577,angles_2,quadrilateral_types
551,578,power_rule,quotient_rule
711,578,special_derivatives,quotient_rule
580,579,radians_to_degrees,radians_and_degrees
202,579,degrees_to_radians,radians_and_degrees
159,580,congruent_triangles_2,radians_to_degrees
688,581,simplifying_radicals,radical_equations
13,582,adding_and_subtracting_radicals,radical_multiplication_and_division
536,583,perimeter_of_squares_and_rectangles,radius_and_diameter
110,584,circles_and_arcs,radius_angle
528,586,parts_of_circles,radius_diameter_and_circumference
784,586,understand_circle,radius_diameter_and_circumference
528,587,parts_of_circles,radius_diameter_and_circumference_1
583,587,radius_and_diameter,radius_diameter_and_circumference_1
588,587,radius_diameter_and_circumference_314_1,radius_diameter_and_circumference_1
310,589,functions_2,range_of_a_function
246,589,domain_and_range_0.5,range_of_a_function
770,590,triangle_inequality_theorem,range_of_triangle_sides_2
417,591,mean_median_and_mode,range_quarter_case_chart
799,592,units,rate_problems_0.5
592,593,rate_problems_0.5,rate_problems_1
593,594,rate_problems_1,rate_problems_2
594,595,rate_problems_2,rate_unit_transform
563,596,proportions_2,rates_and_ratios
831,597,writing_proportions,ratio
276,598,expressing_ratios_as_fractions,ratio_and_the_ratio_of
600,599,ratio_money,ratio_discount
601,600,ratio_word_problems,ratio_money
376,602,large_angle_long_edge,re_graphics
612,603,reading_tables_2,reading_bar_charts_1
721,603,statistical_table_and_chart,reading_bar_charts_1
603,604,reading_bar_charts_1,reading_bar_charts_2
604,605,reading_bar_charts_2,reading_bar_charts_3
417,605,mean_median_and_mode,reading_bar_charts_3
513,606,order_of_operations,reading_fractions_in_chinese
603,607,reading_bar_charts_1,reading_line_charts_1
611,608,reading_tables_1,reading_pictographs_1
608,609,reading_pictographs_1,reading_pictographs_2
612,610,reading_tables_2,reading_stem_and_leaf_plots
444,611,multiplication_1.5,reading_tables_1
121,611,common_form_for_life,reading_tables_1
611,612,reading_tables_1,reading_tables_2
387,613,linear_equations_1,realizing_inequalities
19,614,adding_decimals_2,recognize_decimal_percentile_position
126,614,comparing_decimals_2,recognize_decimal_percentile_position
159,615,congruent_triangles_2,recognize_graph_zoom_effect
34,616,addition_4,recognize_num_less_than_10000
12,617,adding_and_subtracting_polynomials,recognizing_conic_sections
468,618,multiplying_expressions_1,recognizing_factoring
620,619,recognizing_fractions_0.5,recognizing_fractions
513,620,order_of_operations,recognizing_fractions_0.5
830,620,writing_fractions_1,recognizing_fractions_0.5
73,621,area_of_triangles_1,recognizing_rays_lines_and_line_segments
68,621,area_of_a_circle,recognizing_rays_lines_and_line_segments
41,624,age_word_problems,recording_life_problem_by_expressions
124,625,comparing_decimal_place_value,regrouping_decimals
184,626,counting_2,regular_number_of_columns
338,627,graphs_of_linear_equations,relationships_linear_equations
177,628,count_number_to_100,repeated_addition
631,630,represent_by_symbol_multiplier,represent_by_symbol_dividend
632,631,represent_by_symbol_subtrahend,represent_by_symbol_multiplier
629,632,represent_by_symbol_addend,represent_by_symbol_subtrahend
134,633,comparison_between_numbers_within_ten,representing_numbers
504,633,number_within_fifty,representing_numbers
637,636,rounding_whole_numbers,rounding_numbers
538,637,place_value,rounding_whole_numbers
650,638,segment_addition,same_side_exterior_angles
524,639,parallel_lines_1,same_side_exterior_angles_2
156,639,congruent_angles,same_side_exterior_angles_2
650,640,segment_addition,same_side_interior_angles
524,641,parallel_lines_1,same_side_interior_angles_2
156,641,congruent_angles,same_side_interior_angles_2
598,642,ratio_and_the_ratio_of,scale
30,644,adding_vectors,scaling_vectors
647,645,scientific_notation_intuition,scientific_notation
645,646,scientific_notation,scientific_notation_decimals
274,647,exponents_3,scientific_notation_intuition
271,647,exponent_rules,scientific_notation_intuition
110,648,circles_and_arcs,sectors_as_fraction_of_circles_1
648,649,sectors_as_fraction_of_circles_1,sectors_as_fraction_of_circles_2
425,650,measuring_segments,segment_addition
157,650,congruent_segments,segment_addition
182,651,count_one_by_one_1,separation_and_union
652,653,seq-arithmetic-means-1,seq-arithmetic-means-2
667,654,seq_understaning_arithmetic_sequence_2,seq-arithmetic-sequences-l1
654,655,seq-arithmetic-sequences-l1,seq-arithmetic-sequences-l2
653,659,seq-arithmetic-means-2,seq_sequence_exam_1
659,660,seq_sequence_exam_1,seq_sequence_exam_2
660,661,seq_sequence_exam_2,seq_sequence_exam_3
665,662,seq_understanding_sequence_2,seq_sequence_pattern_1
662,663,seq_sequence_pattern_1,seq_sequence_pattern_2
664,665,seq_understanding_sequence_1,seq_understanding_sequence_2
665,666,seq_understanding_sequence_2,seq_understaning_arithmetic_sequence_1
666,667,seq_understaning_arithmetic_sequence_1,seq_understaning_arithmetic_sequence_2
87,668,arithmetic_series_1,sequences_word_problems
110,669,circles_and_arcs,shaded_areas
78,669,areas_of_circles_and_sectors,shaded_areas
247,670,domain_of_a_function,shifting_and_reflecting_functions
311,670,functions_3,shifting_and_reflecting_functions
589,670,range_of_a_function,shifting_and_reflecting_functions
645,674,scientific_notation,significant_figures_1
159,675,congruent_triangles_2,similar_triangles_1
778,675,triangles_similar_nature,similar_triangles_1
675,676,similar_triangles_1,similar_triangles_2
708,677,solving_similar_triangles_1,similar_triangles_review
819,679,volume_of_rectangular_boxes_2,simple_hologram_concept
696,680,solid_geometry,simple_hologram_surface_area
115,681,combining_like_terms_2,simplificate_ractional_formula
116,682,combining_like_terms_with_two_variables,simplify_expressions_w_two_var_1
682,683,simplify_expressions_w_two_var_1,simplify_expressions_w_two_var_2
682,684,simplify_expressions_w_two_var_1,simplify_expressions_w_two_var_3
719,685,square_roots_2,simplify_the_root_type
271,686,exponent_rules,simplifying_expressions_with_exponents
340,687,greatest_common_divisor,simplifying_fractions
22,687,adding_fractions_with_common_denominators,simplifying_fractions
259,687,equivalent_fractions_2,simplifying_fractions
726,687,subtracting_fractions_with_common_denominators,simplifying_fractions
260,687,equivalent_fractions_conversion,simplifying_fractions
719,688,square_roots_2,simplifying_radicals
685,688,simplify_the_root_type,simplifying_radicals
177,691,count_number_to_100,skip_counting_by_100s
693,692,skip_counting_by_5s,skip_counting_by_10s
181,693,count_numbers,skip_counting_by_5s
385,694,line_graph_intuition,slope_intercept_form
699,694,solving_for_the_x-intercept,slope_intercept_form
360,695,interpreting_linear_equations,slope_of_a_line
79,696,areas_of_kites,solid_geometry
80,696,areas_of_rhombi,solid_geometry
81,696,areas_of_trapezoids,solid_geometry
71,696,area_of_parallelograms,solid_geometry
78,696,areas_of_circles_and_sectors,solid_geometry
679,696,simple_hologram_concept,solid_geometry
102,696,basic_graph_and_composite_graph_area,solid_geometry
335,697,graphing_systems_of_equations,solutions_to_systems_of_equations
390,698,linear_equations_4,solving_for_a_variable
700,699,solving_for_the_y-intercept,solving_for_the_x-intercept
360,700,interpreting_linear_equations,solving_for_the_y-intercept
389,701,linear_equations_3,solving_linear_equations
392,702,linear_inequalities,solving_linear_inequalities
704,703,solving_problems_with_picture_graphs_1,solving_problems_with_line_plots_1
284,705,factoring_polynomials_1,solving_quadratics_by_factoring
705,706,solving_quadratics_by_factoring,solving_quadratics_by_factoring_2
284,707,factoring_polynomials_1,solving_quadratics_by_taking_the_square_root
676,708,similar_triangles_2,solving_similar_triangles_1
708,709,solving_similar_triangles_1,solving_similar_triangles_2
206,711,derivatives_1,special_derivatives
567,712,pythagorean_theorem_1,special_right_triangles
149,713,concepts_related_to_diamond,special_triangle_and_quadrilateral_concept
715,714,speed_equal_to_distance_divide_time,speed_applying
751,715,telling_time_comparing,speed_equal_to_distance_divide_time
636,715,rounding_numbers,speed_equal_to_distance_divide_time
592,715,rate_problems_0.5,speed_equal_to_distance_divide_time
74,716,area_of_triangular_shapes,square_cm_square_m_unit_transform
719,717,square_roots_2,square_root_calculation_3
273,718,exponents_2,square_roots
718,719,square_roots,square_roots_2
148,719,computing_law_with_power,square_roots_2
803,720,variance,standard_deviation
612,721,reading_tables_2,statistical_table_and_chart
10,722,adding_and_subtracting_fractions,subtract_of_positive_negative_fraction
724,723,subtracting_decimals_0.5,subtracting_decimals
730,724,subtraction_4,subtracting_decimals_0.5
15,724,adding_decimals,subtracting_decimals_0.5
726,725,subtracting_fractions_with_common_denominators,subtracting_fractions
687,725,simplifying_fractions,subtracting_fractions
513,726,order_of_operations,subtracting_fractions_with_common_denominators
620,726,recognizing_fractions_0.5,subtracting_fractions_with_common_denominators
199,726,decomposing_fractions,subtracting_fractions_with_common_denominators
31,727,addition_1,subtraction_1
727,728,subtraction_1,subtraction_2
728,729,subtraction_2,subtraction_3
729,730,subtraction_3,subtraction_4
25,730,adding_subtracting_carry_3,subtraction_4
29,730,adding_subtracting_no_carry_3,subtraction_4
730,731,subtraction_4,subtraction_and_addition
722,732,subtract_of_positive_negative_fraction,subtraction_of_vary_denominator_fraction
37,733,addition_within_20,subtraction_within_20
53,734,angle_types,supplementary_angles
78,735,areas_of_circles_and_sectors,surface_area_of_cylinders
72,736,area_of_squares_and_rectangles,surface_area_of_rectangular_boxes
365,737,judging_axis_of_symmetry,symmetry_concept_and_application
742,738,systems_of_equations_with_elimination,systems_of_equ_elimination_1
746,739,systems_of_equations_with_substitution,systems_of_equ_substitution_1
739,740,systems_of_equ_substitution_1,systems_of_equ_substitution_2
746,741,systems_of_equations_with_substitution,systems_of_equations
742,741,systems_of_equations_with_elimination,systems_of_equations
743,742,systems_of_equations_with_elimination_0.5,systems_of_equations_with_elimination
335,743,graphing_systems_of_equations,systems_of_equations_with_elimination_0.5
738,744,systems_of_equ_elimination_1,systems_of_equations_with_elimination_2
738,745,systems_of_equ_elimination_1,systems_of_equations_with_elimination_3
744,745,systems_of_equations_with_elimination_2,systems_of_equations_with_elimination_3
335,746,graphing_systems_of_equations,systems_of_equations_with_substitution
741,747,systems_of_equations,systems_of_equations_word_problems
749,748,telling_time_0.5,telling_time
748,750,telling_time,telling_time_2
750,751,telling_time_2,telling_time_comparing
346,753,imaginary_unit_powers,the_complex_plane
686,754,simplifying_expressions_with_exponents,the_four_arithmetic_exponentially
552,755,prime_factorization,the_fundamental_theorem_of_arithmetic
728,756,subtraction_2,time_terminology
748,756,telling_time,time_terminology
242,757,division_3,time_units_transformation_1
761,757,time_word_problem_2,time_units_transformation_1
764,757,time_word_problem_5,time_units_transformation_1
757,758,time_units_transformation_1,time_units_transformation_2
757,759,time_units_transformation_1,time_units_transformation_3
750,760,telling_time_2,time_word_problem_1
89,760,arithmetic_word_problems_1,time_word_problem_1
729,761,subtraction_3,time_word_problem_2
750,761,telling_time_2,time_word_problem_2
760,762,time_word_problem_1,time_word_problem_3
761,763,time_word_problem_2,time_word_problem_4
763,764,time_word_problem_4,time_word_problem_5
149,766,concepts_related_to_diamond,trapezoid_concept_and_application
768,767,triangle_angles_sum,triangle_angles_1
772,767,triangle_types,triangle_angles_1
772,768,triangle_types,triangle_angles_sum
97,769,basic_concept_of_circumcenter,triangle_central_core_concept
767,770,triangle_angles_1,triangle_inequality_theorem
376,771,large_angle_long_edge,triangle_length_of_side
49,772,angle_addition_postulate,triangle_types
159,773,congruent_triangles_2,triangles_congruent_nature_aas
159,774,congruent_triangles_2,triangles_congruent_nature_asa
159,775,congruent_triangles_2,triangles_congruent_nature_rhs
159,776,congruent_triangles_2,triangles_congruent_nature_sas
159,777,congruent_triangles_2,triangles_congruent_nature_sss
159,778,congruent_triangles_2,triangles_similar_nature
615,778,recognize_graph_zoom_effect,triangles_similar_nature
541,778,planar_graph_resizing,triangles_similar_nature
783,779,trigonometry_2,trig_identities_1
567,780,pythagorean_theorem_1,trigonometry_0.5
579,780,radians_and_degrees,trigonometry_0.5
780,781,trigonometry_0.5,trigonometry_1
797,781,unit_circle,trigonometry_1
781,782,trigonometry_1,trigonometry_1.5
782,783,trigonometry_1.5,trigonometry_2
528,784,parts_of_circles,understand_circle
487,785,number_line,understand_coins
264,786,evaluating_expressions_1,understand_equivalent_axiom
538,787,place_value,understand_large_numbers_and_conversion
540,787,place_value_concept,understand_large_numbers_and_conversion
430,788,metric_weight_unit_conversion,understand_length_unit
793,788,understanding_km,understand_length_unit
621,791,recognizing_rays_lines_and_line_segments,understanding_comparing_angle
538,792,place_value,understanding_decimals_place_value
430,793,metric_weight_unit_conversion,understanding_km
466,794,multiplying_decimals,understanding_moving_the_decimal
673,795,sides_and_angles_of_simple_shapes,understanding_square_rectangular
144,795,composing_shapes,understanding_square_rectangular
417,796,mean_median_and_mode,ungroup_median
579,797,radians_and_degrees,unit_circle
714,798,speed_applying,unit_conversion_rate
469,799,multiplying_fractions,units
142,799,complex_fraction,units
308,800,fractions_word_problem,using_fractions_to_divide_pizzas_pies_and_cakes
828,801,writing_expressions_3,variables_word_problems_1
828,802,writing_expressions_3,variables_word_problems_2
417,803,mean_median_and_mode,variance
796,803,ungroup_median,variance
401,804,matrix_add_sub_3,vector_add_sub_two
327,805,graphing_parabolas_0.5,vertex_of_a_parabola
138,805,completing_the_square_1,vertex_of_a_parabola
523,806,parallel_and_perpendicular,vertical_and_parallel
136,807,complementary_and_supplementary_angles,vertical_angles
268,807,exploring_angle_pairs_1,vertical_angles
136,808,complementary_and_supplementary_angles,vertical_angles_2
268,808,exploring_angle_pairs_1,vertical_angles_2
546,809,points_lines_and_planes,vertical_concepts
80,811,areas_of_rhombi,volume_and_cc
72,812,area_of_squares_and_rectangles,volume_box
812,813,volume_box,volume_box_cover
822,813,volume_space,volume_box_cover
812,814,volume_box,volume_box_nocover
822,814,volume_space,volume_box_nocover
812,815,volume_box,volume_container
822,815,volume_space,volume_container
812,816,volume_box,volume_container_hight
822,816,volume_space,volume_container_hight
78,817,areas_of_circles_and_sectors,volume_of_cylinders
72,818,area_of_squares_and_rectangles,volume_of_rectangular_boxes
811,818,volume_and_cc,volume_of_rectangular_boxes
818,819,volume_of_rectangular_boxes,volume_of_rectangular_boxes_2
819,820,volume_of_rectangular_boxes_2,volume_of_rectangular_boxes_3
818,821,volume_of_rectangular_boxes,volume_of_triangular_prisms
565,821,pyramidal_prism,volume_of_triangular_prisms
72,822,area_of_squares_and_rectangles,volume_space
794,823,understanding_moving_the_decimal,volume_unit_conversion
486,824,notation_calculation_type,word_problem_formula_translate
264,826,evaluating_expressions_1,writing_expressions_1
826,827,writing_expressions_1,writing_expressions_2
827,828,writing_expressions_2,writing_expressions_3
827,829,writing_expressions_2,writing_expressions_w_two_var
513,830,order_of_operations,writing_fractions_1
341,830,halves_and_fourths,writing_fractions_1
291,830,filling_rectangles_with_same-sized_squares,writing_fractions_1
270,832,exploring_standard_deviation_1,z_scores_1
720,832,standard_deviation,z_scores_1
832,833,z_scores_1,z_scores_2
833,834,z_scores_2,z_scores_3
