concept_idx,learned_prior,empirical_accuracy,train_attempts,concept_name
0,0.677874,0.957908,784,absolute_value
1,0.520871,0.710744,242,absolute_value_add_sub
2,0.285885,0.710345,145,absolute_value_add_sub_properties
3,0.268746,0.625000,16,absolute_value_equations
4,0.432676,0.833333,18,absolute_value_of_complex_numbers
5,0.203838,0.700315,634,absolute_values_meaning
6,0.514263,0.721622,370,add_subtract_negative_fractions
7,0.669568,0.791045,67,adding_and_subtracting_centimeter_and_millimeter
8,0.470823,0.787879,33,adding_and_subtracting_complex_numbers
9,0.441752,0.774648,213,adding_and_subtracting_decimals_word_problems
10,0.297782,0.656934,137,adding_and_subtracting_fractions
11,0.587720,0.804032,1240,adding_and_subtracting_negative_numbers
12,0.404356,0.616541,399,adding_and_subtracting_polynomials
13,0.275896,0.802198,91,adding_and_subtracting_radicals
14,0.693848,0.905181,1023,adding_and_subtracting_within_20
15,0.421450,0.784978,679,adding_decimals
16,0.591570,0.860642,1184,adding_decimals_0.5
17,0.500000,,0,adding_decimals_0.5_new
18,0.500000,,0,adding_decimals_1
19,0.778349,0.882979,376,adding_decimals_2
20,0.500000,,0,adding_decimals_2_new
21,0.202078,0.589552,134,adding_fractions
22,0.398762,0.892336,548,adding_fractions_with_common_denominators
23,0.581429,0.871111,1125,adding_negative_numbers
24,0.662389,0.792857,140,adding_subtracting_carry_2
25,0.515985,0.788462,936,adding_subtracting_carry_3
26,0.132381,,0,adding_subtracting_dicimals_fractions_and_percentage
27,0.350506,0.793103,29,adding_subtracting_mixed_numbers_0.5
28,0.279895,0.680851,47,adding_subtracting_mixed_numbers_1
29,0.366062,0.947368,342,adding_subtracting_no_carry_3
30,0.389296,0.826667,75,adding_vectors
31,0.936596,0.963002,10487,addition_1
32,0.952797,0.949765,2767,addition_2
33,0.607620,0.825503,298,addition_3
34,0.553440,0.826938,2502,addition_4
35,0.197730,0.629834,181,addition_of_vary_denominator_fraction
36,0.183261,0.617155,478,addition_two_numbers
37,0.773778,0.950704,142,addition_within_20
38,0.348658,0.000000,1,advanced_fraction
39,0.323315,0.877193,114,age_problems
40,0.318510,0.658537,41,age_problems_new
41,0.361888,0.328767,73,age_word_problems
42,0.774556,0.962145,317,alternate_exterior_angles
43,0.796417,0.981481,54,alternate_exterior_angles_2
44,0.652033,0.942740,489,alternate_interior_angles
45,0.621090,0.848837,86,alternate_interior_angles_2
46,0.163004,0.000000,15,altitude_and_hypotenuse
47,0.500000,,0,angle types
48,0.500000,,0,angle-types
49,0.499691,0.533333,15,angle_addition_postulate
50,0.642060,0.687500,64,angle_bisector_theorem
51,0.301102,0.800000,5,angle_of_osculation
52,0.417619,0.781250,96,angle_rotation
53,0.740455,0.954481,703,angle_types
54,0.417717,0.781570,293,angles_1
55,0.351186,0.717949,156,angles_2
56,0.546760,0.788155,439,angles_of_a_polygon
57,0.358903,0.547445,548,application_add_large_nums
58,0.445056,0.691803,305,application_division_large_nums
59,0.232612,,0,application_of_gcd_and_lcm_1
60,0.339639,0.686747,83,application_of_linear_equations_1
61,0.500000,,0,application_of_linear_equations_2
62,0.498131,0.743455,191,application_of_scientific_notation
63,0.209013,0.550000,120,application_of_scientific_notation_2
64,0.336379,0.560976,246,applications_of_index
65,0.486589,0.687500,32,approximate_number
66,0.303379,0.000000,2,arc_length_and_circular_sector_area
67,0.498865,0.906551,1038,area_1
68,0.289365,0.534483,290,area_of_a_circle
69,0.473564,0.437037,135,area_of_a_circle2
70,0.264294,0.000000,1,area_of_fans
71,0.677282,0.958478,1156,area_of_parallelograms
72,0.462258,0.815085,411,area_of_squares_and_rectangles
73,0.490003,0.860595,538,area_of_triangles_1
74,0.314150,0.222222,9,area_of_triangular_shapes
75,0.541514,0.911765,34,area_relationship_larger_narrow_graph
76,0.230473,0.517241,29,area_relationship_larger_narrow_num
77,0.447178,0.480000,50,area_unit_cm_square
78,0.172291,0.112360,89,areas_of_circles_and_sectors
79,0.357407,0.849481,578,areas_of_kites
80,0.525480,0.870504,278,areas_of_rhombi
81,0.422223,0.810631,903,areas_of_trapezoids
82,0.354927,0.710843,83,areas_of_trapezoids_rhombi_and_kites
83,0.686396,1.000000,8,arithmetic_means
84,0.485986,0.807018,114,arithmetic_reasoning
85,0.252342,0.647059,34,arithmetic_sequences_3
86,0.683879,0.875000,8,arithmetic_series
87,0.257256,0.583333,12,arithmetic_series_1
88,0.248700,0.751748,572,arithmetic_word_problems
89,0.493118,0.767480,3690,arithmetic_word_problems_1
90,0.484207,0.845656,1082,arithmetic_word_problems_2
91,0.500000,,0,attributs_of_shapes
92,0.263911,0.597826,92,average_word_problems
93,0.849643,0.879663,1662,axis_of_symmetry
94,0.500000,,0,baseline_compareline
95,0.500000,,0,baseline_compareline_application
96,0.500000,,0,basic_compared_with_the_reference_quantity
97,0.395179,0.266667,15,basic_concept_of_circumcenter
98,0.543906,0.625000,24,basic_concept_of_congruent_triangles
99,0.287345,0.125000,8,basic_concept_of_similar_shapes
100,0.462593,1.000000,8,basic_concepts_of_probability_1
101,0.321926,0.888889,9,basic_concepts_of_probability_2
102,0.306168,,0,basic_graph_and_composite_graph_area
103,0.500000,,0,calculating_averages_advanced
104,0.500000,,0,calculation_of_proportions
105,0.654649,0.583333,12,calculations_using_similar_shapes
106,0.500000,,0,cc_and_cubic_meter_conversion
107,0.500000,,0,cell_bctest_cap
108,0.304796,0.341463,41,chain_rule_1
109,0.282606,0.500000,68,chickens_and_rabbits_questions
110,0.307382,0.380000,50,circles_and_arcs
111,0.259147,0.555556,9,circumferential_angle
112,0.500000,,0,classification_bctest_cap
113,0.723515,1.000000,9,combinations_of_polynomials
114,0.485383,0.715139,502,combining_like_terms_1
115,0.402906,0.650000,280,combining_like_terms_2
116,0.427969,0.666667,24,combining_like_terms_with_two_variables
117,0.500000,,0,common_factor
118,0.500000,,0,common_factor_advance
119,0.500000,,0,common_factors_of_a_polynomial_1
120,0.500000,,0,common_factors_of_a_polynomial_2
121,0.467994,0.708333,216,common_form_for_life
122,0.500000,,0,compare_shapes
123,0.816081,0.901099,546,comparing_absolute_values
124,0.672817,,0,comparing_decimal_place_value
125,0.753602,,0,comparing_decimals_1
126,0.777310,,0,comparing_decimals_2
127,0.601266,0.824351,501,comparing_fractions_1
128,0.578425,0.728395,243,comparing_fractions_2
129,0.633307,0.579439,214,comparing_improper_fractions_and_mixed_numbers
130,0.227804,,0,comparing_lengths
131,0.500000,,0,comparing_objects
132,0.500000,,0,comparing_size
133,0.721690,0.928571,98,comparing_with_multiplication
134,0.450786,0.871820,1022,comparison_between_numbers_within_ten
135,0.811143,0.974576,118,comparison_between_numbers_within_ten_0.5
136,0.706485,0.910569,123,complementary_and_supplementary_angles
137,0.611823,0.844262,244,complementary_angles
138,0.182149,0.772727,22,completing_the_square_1
139,0.429013,,0,completing_the_square_1_new
140,0.143396,0.454545,33,completing_the_square_2
141,0.310716,,0,completing_the_square_2_new
142,0.510705,,0,complex_fraction
143,0.600329,,0,complex_number_polar_form_intuition_new
144,0.682371,,0,composing_shapes
145,0.548945,0.870178,1633,composite_numbers
146,0.305186,0.521739,23,compound_inequalities
147,0.500000,,0,compound_numbers_world_problems
148,0.468365,0.793103,87,computing_law_with_power
149,0.500000,,0,concepts_related_to_diamond
150,0.338619,0.333333,3,concepts_related_to_kite
151,0.500000,,0,concepts_related_to_parallelogram
152,0.232683,0.260000,50,conditional_statements_2
153,0.690381,0.375000,24,conditional_statements_and_truth_value
154,0.528816,0.230769,13,cone_surface_arc
155,0.157665,0.668182,660,congruency_postulates
156,0.707605,0.905830,223,congruent_angles
157,0.603797,0.870849,271,congruent_segments
158,0.378302,0.793629,722,congruent_triangles_1
159,0.447623,0.804124,291,congruent_triangles_2
160,0.500000,,0,consistency_bctest_cap
161,0.299636,1.000000,6,constant_function_and_a_fuction
162,0.500000,,0,constructing_and_interpreting_absolute_value
163,0.310735,0.231579,95,converse_inverse_and_contrapositive
164,0.375042,1.000000,8,converting_between_point_slope_and_slope_intercept
165,0.356428,0.875000,8,converting_between_slope_intercept_and_standard_form
166,0.443626,0.940171,117,converting_decimals_to_fractions_1
167,0.459209,0.500000,24,converting_decimals_to_fractions_2
168,0.157865,0.773081,899,converting_decimals_to_percents
169,0.382915,0.533040,227,converting_fractions_to_decimals
170,0.187010,0.708738,309,converting_mixed_numbers_and_improper_fractions
171,0.633317,0.886581,626,converting_percents_to_decimals
172,0.681103,0.875000,8,converting_repeating_decimals_to_fractions_1
173,0.294771,0.875000,8,converting_repeating_decimals_to_fractions_2
174,0.495462,0.844181,507,coordination_bctest_cap
175,0.757679,0.978516,512,corresponding_angles
176,0.748470,0.864662,133,corresponding_angles_2
177,0.904645,0.987312,1261,count_number_to_100
178,0.599230,,0,count_number_to_20
179,0.697096,0.933333,135,count_number_to_20_2
180,0.904166,,0,count_number_to_50
181,0.901992,0.956449,1194,count_numbers
182,0.727755,0.911722,2073,count_one_by_one_1
183,0.489191,0.806283,573,counting_1
184,0.376312,0.709265,313,counting_2
185,0.454764,0.883817,241,creating_bar_charts_1
186,0.254724,0.753846,65,creating_box_and_whisker_plots
187,0.251112,0.615385,39,cross_multiplication_advanced
188,0.500000,,0,cube_rectangular_and_regular_tetrahedron
189,0.531018,0.701299,77,cube_roots
190,0.500000,,0,cube_volume_calculation
191,0.500000,,0,cuboid_volume_calculation
192,0.270346,0.809388,703,date_and_weekday
193,0.695172,0.918919,37,decimal_multiplier_calculation
194,0.499683,0.600000,10,decimal_two_steps
195,0.332558,0.622642,53,decimals_distributive_law_of_multiplication
196,0.531639,0.907732,1940,decimals_on_the_number_line_1
197,0.256500,0.788400,1569,decimals_on_the_number_line_2
198,0.237871,,0,decimals_on_the_number_line_2_new
199,0.471344,,0,decomposing_fractions
200,0.676481,1.000000,6,define_one_function
201,0.473321,0.785354,396,definition_opposite_number
202,0.130474,0.280000,25,degrees_to_radians
203,0.535795,0.862069,29,denominator_comparison
204,0.505648,0.888889,9,dependent_probability
205,0.224725,0.666667,15,derivative_intuition
206,0.194363,0.393939,33,derivatives_1
207,0.500000,,0,difference_between_solid_and_plane_graphics
208,0.575941,0.586667,150,direct_and_inverse_variation
209,0.314598,0.572289,166,discount_tax_and_tip_word_problems
210,0.266004,0.823529,17,distance_between_point_and_line
211,0.627612,0.675676,222,distance_formula
212,0.641226,0.890213,1175,distributive_property
213,0.322086,0.000000,4,distributive_property_with_variables
214,0.343576,0.787879,33,dividing_complex_numbers
215,0.551120,0.789773,352,dividing_decimals
216,0.452399,0.788169,1251,dividing_decimals_0.5
217,0.542958,0.790991,555,dividing_decimals_1
218,0.403949,0.820069,289,dividing_decimals_2
219,0.342945,,0,dividing_decimals_int_to_int_0.5
220,0.386834,,0,dividing_decimals_int_to_int_0.7
221,0.319406,0.752137,234,dividing_fractions
222,0.456552,0.803883,515,dividing_fractions_0.5
223,0.476567,0.772152,395,dividing_fractions_word_problems
224,0.247468,0.000000,2,dividing_polynomials
225,0.320544,,0,dividing_polynomials_1
226,0.500000,,0,dividing_polynomials_2
227,0.500000,,0,dividing_polynomials_3
228,0.500000,,0,dividing_polynomials_4
229,0.381032,,0,dividing_polynomials_5
230,0.303510,0.000000,1,dividing_polynomials_6
231,0.551811,0.583772,949,divisibility
232,0.708529,0.792480,1383,divisibility_0.5
233,0.449441,0.852621,1927,divisibility_intuition
234,0.708909,0.773846,1950,divisibility_tests
235,0.677126,0.928880,2545,division_0.5
236,0.855312,0.956148,2212,division_0.9
237,0.847897,0.959828,2091,division_1
238,0.779204,0.963881,1412,division_1.4
239,0.678229,0.945085,1475,division_1.5
240,0.465049,0.886878,1105,division_2
241,0.378100,0.862720,794,division_2.9
242,0.271865,0.792126,635,division_3
243,0.370207,0.823353,334,division_4
244,0.541643,0.959302,860,division_word_problems_1
245,0.152470,0.880407,393,division_word_problems_2
246,0.432732,0.761905,84,domain_and_range_0.5
247,0.336347,0.882353,17,domain_of_a_function
248,0.241230,0.272727,11,draw_a_pie_chart
249,0.500000,,0,ecology_bctest_cap
250,0.500000,,0,empirical_rule
251,0.500000,,0,environment_bctest_cap
252,0.186253,,0,equal_parts_of_circles_and_rectangles
253,0.301961,0.000000,1,equation_of_a_circle_1
254,0.500000,,0,equation_of_a_circle_2
255,0.302159,0.000000,1,equation_of_a_hyperbola
256,0.413530,0.875000,8,equation_of_a_line
257,0.500000,,0,equation_of_an_ellipse
258,0.697622,0.875576,434,equivalent_fractions
259,0.607144,0.870769,325,equivalent_fractions_2
260,0.467973,0.800000,80,equivalent_fractions_conversion
261,0.396361,0.864964,822,estimation_three-digit_add_sub
262,0.574319,0.812500,144,estimation_with_decimals
263,0.551050,0.444444,9,eval_expressions_w_two_var
264,0.578834,0.711538,624,evaluating_expressions_1
265,0.498402,0.710526,76,evaluating_expressions_2
266,0.336862,0.600000,15,even_and_odd_functions
267,0.500000,,0,evolution_bctest_cap
268,0.502469,0.649123,114,exploring_angle_pairs_1
269,0.160050,0.482234,197,exploring_mean_and_median
270,0.363518,,0,exploring_standard_deviation_1
271,0.188622,0.672727,165,exponent_rules
272,0.480208,0.765690,1434,exponents_1
273,0.496296,0.714521,606,exponents_2
274,0.258122,0.666667,261,exponents_3
275,0.354069,0.705882,68,exponents_4
276,0.208101,0.786708,647,expressing_ratios_as_fractions
277,0.557341,0.694444,36,expressions_with_unknown_variables
278,0.681462,1.000000,8,expressions_with_unknown_variables_2
279,0.296303,0.643678,87,factor_word_problems
280,0.671593,0.720930,43,factoring_difference_of_squares_1
281,0.324537,0.000000,16,factoring_difference_of_squares_2
282,0.333453,,0,factoring_difference_of_squares_3
283,0.500000,,0,factoring_difference_of_squares_4
284,0.251163,0.585859,99,factoring_polynomials_1
285,0.287596,0.878788,33,factoring_polynomials_2
286,0.500000,,0,factoring_polynomials_3
287,0.303990,0.000000,1,factoring_polynomials_by_grouping_1
288,0.307364,0.000000,1,factoring_polynomials_with_two_variables
289,0.387733,0.212500,80,factorization_by_add_sub_square
290,0.285319,0.578947,76,factorization_quadratic_polynomial
291,0.329421,,0,filling_rectangles_with_same-sized_squares
292,0.455893,,0,find_gcd_and_lcm
293,0.509631,0.933439,1262,finding_axis_of_symmetry
294,0.533238,,0,finding_percentage
295,0.626951,,0,four_operations_and_decimal_fraction
296,0.500000,,0,fraction_and_per_swap_divide
297,0.341546,0.740741,81,fraction_integer
298,0.322158,0.666667,3,fraction_of_one_step_to_unknow_formula
299,0.424600,0.627507,349,fraction_word_problems_1
300,0.344154,0.333333,6,fractional_division_life_problem
301,0.500000,,0,fractions_and_percentage_of_exchange
302,0.500000,,0,fractions_cut_and_copy
303,0.286546,0.785714,14,fractions_cut_and_copy_1
304,0.668723,1.000000,9,fractions_cut_and_copy_2
305,0.589466,0.937589,705,fractions_on_the_number_line_1
306,0.380734,0.789700,233,fractions_on_the_number_line_2
307,0.674143,0.891473,129,fractions_on_the_number_line_3
308,0.469074,0.882353,17,fractions_word_problem
309,0.648310,0.842444,311,functions_1
310,0.306453,0.746575,146,functions_2
311,0.430214,0.607843,51,functions_3
312,0.500000,,0,g_and_kg_word_problems
313,0.226204,0.494186,172,gcd_and_lcm_word_problems
314,0.211291,0.520000,200,gcd_of_life
315,0.480471,0.105263,19,geometric_construction
316,0.500000,,0,geometry_1
317,0.400468,0.425000,40,geometry_about_circle_concept
318,0.298185,0.000000,3,geometry_categorial_proposition
319,0.357181,0.000000,1,geometry_identification_concept
320,0.312291,0.000000,2,geometry_proofs_1
321,0.279959,0.235294,51,geometry_proofs_2
322,0.500000,,0,geometry_proofs_intro
323,0.251481,0.786585,164,get_gcd_and_lcm
324,0.229403,0.807692,26,graphing_inequalities
325,0.685313,1.000000,8,graphing_inequalities_2
326,0.342362,0.875000,16,graphing_linear_equations
327,0.360954,0.281250,32,graphing_parabolas_0.5
328,0.267307,0.000000,3,graphing_parabolas_1
329,0.500000,,0,graphing_parabolas_2
330,0.515285,0.858757,177,graphing_points
331,0.273241,0.888889,63,graphing_points_2
332,0.711723,0.666667,39,graphing_points_fraction_1
333,0.681653,1.000000,8,graphing_points_fraction_2
334,0.623548,0.571429,42,graphing_scaling
335,0.209982,0.625000,40,graphing_systems_of_equations
336,0.687373,0.875000,24,graphing_systems_of_inequalities
337,0.679457,1.000000,8,graphing_systems_of_inequalities_2
338,0.737722,0.848485,33,graphs_of_linear_equations
339,0.176832,,0,graphs_of_sine_and_cosine
340,0.625565,0.857627,1180,greatest_common_divisor
341,0.346685,1.000000,20,halves_and_fourths
342,0.304025,0.000000,1,herons_formula
343,0.218442,0.656000,125,hundred_million_adding_and_subtracting
344,0.358811,0.769231,39,identifying_points_1
345,0.313715,0.884615,26,identifying_points_2
346,0.503716,0.328767,146,imaginary_unit_powers
347,0.203984,0.741935,31,independent_probability
348,0.359969,0.689655,29,inequalities_and_expressions
349,0.413880,0.753623,69,inequalities_on_a_number_line
350,0.680530,1.000000,8,inequality_properties
351,0.708168,1.000000,10,inequality_symbol_word_problems
352,0.500000,,0,inheritance_bctest_cap
353,0.273090,0.493590,156,inscribed_angles_1
354,0.757601,0.904762,42,inscribed_angles_2
355,0.697864,1.000000,14,inscribed_angles_3
356,0.795004,0.826531,294,integer_arithmetic
357,0.401201,0.824561,171,integers_multiply_decimals
358,0.389147,0.722222,252,integers_multiply_decimals2
359,0.148397,,0,interpreting_absolute_value
360,0.600113,1.000000,16,interpreting_linear_equations
361,0.500000,,0,interpreting_negative_numbers
362,0.321514,0.692308,13,inverse_proportional_calculation
363,0.168534,,0,inverse_trig_functions
364,0.685740,1.000000,8,inverses_of_functions
365,0.446407,0.801532,1567,judging_axis_of_symmetry
366,0.411091,0.761194,67,kg_g_arithmatic
367,0.783385,0.772727,66,kg_g_time_div
368,0.547943,0.920530,302,kg_g_unit_transform
369,0.350998,0.793548,155,kg_g_unit_transform2
370,0.500000,,0,kinematic_equations
371,0.500000,,0,km_m_unit_transform
372,0.668057,0.732558,86,l_ml_arithmatic
373,0.507482,0.900000,20,l_ml_time_div
374,0.867206,0.954545,352,l_ml_transform
375,0.540684,0.677419,124,l_ml_word_problem
376,0.326140,0.000000,3,large_angle_long_edge
377,0.357642,0.704348,345,lcm_word_problems
378,0.581383,0.783317,1043,least_common_multiple
379,0.477294,0.774032,801,least_common_multiple_and_greatest_common_divisor_word_problems
380,0.561245,,0,length_word_problem
381,0.188825,0.086957,23,lhopitals_rule
382,0.500000,,0,life_1
383,0.390292,0.417505,994,limits_1
384,0.481088,0.320755,53,limits_2
385,0.515758,0.960000,25,line_graph_intuition
386,0.668447,0.875000,8,line_relationships
387,0.369983,0.850649,616,linear_equations_1
388,0.383054,0.739326,445,linear_equations_2
389,0.414667,0.475524,286,linear_equations_3
390,0.332303,0.093750,128,linear_equations_4
391,0.344564,0.500000,30,linear_equations_word_problems_2
392,0.572340,0.692308,26,linear_inequalities
393,0.352703,0.535714,28,lines_plane_vertical_parallel
394,0.643340,0.784946,93,logarithms_1
395,0.273463,0.800000,80,logarithms_2
396,0.314717,0.568807,109,logical_arguments_deductive_reasoning
397,0.280897,0.620000,100,make_a_line_by_ruler_and_compasses
398,0.412876,1.000000,8,marking_inequalities_range_on_a_number_line
399,0.188445,0.477876,113,markup_and_commission_word_problems
400,0.295622,0.852941,34,matrix_add_sub_2
401,0.300972,0.833333,42,matrix_add_sub_3
402,0.699819,0.923077,26,matrix_add_zero_negative
403,0.500000,,0,matrix_app_fruit_oil
404,0.318499,0.941176,17,matrix_basic_distance
405,0.299426,0.960000,25,matrix_basic_percentage
406,0.317181,0.920000,25,matrix_basic_product
407,0.622537,0.565217,23,matrix_gaussian_elimination
408,0.255730,0.863636,22,matrix_mul_scalar
409,0.304309,0.000000,1,matrix_mul_two
410,0.500000,,0,matrix_mul_two_2
411,0.701547,0.892857,28,matrix_mul_zero_one
412,0.658564,0.717391,92,matrix_row_echelon
413,0.698353,0.675000,40,matrix_row_operation
414,0.315902,0.880000,25,matrix_submatrix
415,0.644532,0.896552,29,matrix_transpose
416,0.712554,0.875000,24,matrix_triangular_and_symmetric
417,0.234894,0.717489,223,mean_median_and_mode
418,0.506804,0.808917,157,meaning_congruent_planar_graph
419,0.907616,,0,meaning_of_equal_sign
420,0.712165,0.909836,366,measuring_and_comparing_angles
421,0.483807,0.803130,1214,measuring_angles
422,0.252536,,0,measuring_lengths_1
423,0.232442,,0,measuring_lengths_2
424,0.500000,,0,measuring_lengths_with_different_units
425,0.369856,0.745520,279,measuring_segments
426,0.583451,0.855478,429,meters_and_centimeters
427,0.500000,,0,meters_and_centimeters_conversion
428,0.552099,0.756098,123,metric_area_unit_comparison
429,0.418734,0.590634,662,metric_area_unit_conversion
430,0.539922,0.866337,202,metric_weight_unit_conversion
431,0.511437,0.765250,541,metric_weight_unit_selection
432,0.384135,0.500000,48,metric_weight_unit_word_problem
433,0.689089,1.000000,8,midpoint_coordinates
434,0.243239,0.409091,22,midpoint_formula
435,0.566644,0.807692,52,midpoint_of_a_segment
436,0.467752,0.712054,448,millimeter_and_centimeter
437,0.437970,0.848586,601,morning_afternoon_night
438,0.286103,0.718750,32,moving_points
439,0.170564,0.000000,49,multiple_brackets
440,0.500000,,0,multiple_proportions_reasoning
441,0.287005,0.681818,44,multiple_unit_transate
442,0.846944,0.959935,4892,multiplication_0.5
443,0.956092,0.962523,4376,multiplication_1
444,0.718466,0.948569,2236,multiplication_1.5
445,0.579912,0.872953,2015,multiplication_2
446,0.462322,0.696830,1514,multiplication_3
447,0.517514,0.834711,605,multiplication_4
448,0.726125,0.829545,88,multiplication_and_division_order
449,0.172080,,0,multiplication_and_division_word_problems
450,0.258975,0.666667,72,multiplication_association_word_problems
451,0.178815,0.546875,64,multiplication_formula_1
452,0.341443,0.458333,48,multiplication_formula_add
453,0.252900,0.523810,42,multiplication_formula_minus
454,0.280267,0.656250,32,multiplication_formula_sub
455,0.151401,,0,multiplication_with_carrying
456,0.581915,0.795833,240,multiplication_word_problems
457,0.500000,,0,multiplicative_problems
458,0.895322,0.905797,276,multiply_by_tens
459,0.242346,,0,multiplying_2_digits_by_2_digits_with_area_models
460,0.427852,0.651452,241,multiplying_and_dividing
461,0.389075,0.873309,813,multiplying_and_dividing_negative_numbers
462,0.343132,,0,multiplying_and_dividing_negative_numbers_new
463,0.217189,0.668790,314,multiplying_and_dividing_scientific_notation
464,0.728312,0.909091,22,multiplying_complex_numbers
465,0.599717,0.878049,82,multiplying_decimal_integer
466,0.321871,0.704819,332,multiplying_decimals
467,0.514810,0.678947,190,multiplying_expressions_0.5
468,0.468000,0.789474,57,multiplying_expressions_1
469,0.330595,0.765766,333,multiplying_fractions
470,0.473228,0.840909,308,multiplying_fractions_0.5
471,0.500000,,0,multiplying_fractions_and_whole_numbers_word_problems
472,0.500000,,0,multiplying_fractions_by_integers
473,0.488116,0.837662,154,multiplying_fractions_word_problems
474,0.218372,0.716312,141,multiplying_mixed_numbers_1
475,0.370593,0.880952,42,multiplying_polynomials
476,0.404974,0.733333,30,multiplying_radicals
477,0.500000,,0,naming_shapes
478,0.500000,,0,naming_shapes_2
479,0.174061,0.277778,216,narrative_and_opposite_narrative
480,0.294952,0.500000,8,nature_of_isosceles_triangle
481,0.264167,0.744711,709,negative_number_word_problems
482,0.224938,0.687500,48,negative_numbers_multiply_divide
483,0.759940,,0,negative_nums_on_num_line_without_reference_to_zero
484,0.559780,0.640845,142,new_definitions_1
485,0.326598,0.857143,14,new_definitions_2
486,0.523152,0.892857,28,notation_calculation_type
487,0.700447,0.928626,6557,number_line
488,0.655629,0.935000,200,number_line_0.5
489,0.711421,,0,number_line_0.5_new
490,0.681222,0.802632,76,number_line_0.7
491,0.466672,,0,number_line_0.7_new
492,0.491659,0.834820,2355,number_line_2
493,0.417784,0.738019,1878,number_line_3
494,0.627173,0.784180,1024,number_line_4
495,0.449165,0.613765,1235,number_properties_terminology_1
496,0.500000,,0,number_sense_length_l1
497,0.500000,,0,number_sense_length_l2
498,0.500000,,0,number_sense_length_l3
499,0.500000,,0,number_sense_weight_L1
500,0.500000,,0,number_sense_weight_l1
501,0.500000,,0,number_sense_weight_l2
502,0.500000,,0,number_sense_weight_l3
503,0.765500,0.907129,1066,number_sequence_within_ten
504,0.628625,0.841441,1110,number_within_fifty
505,0.500000,,0,nutrition_bctest_cap
506,0.873225,0.960232,1207,one_more_one_less
507,0.407227,0.767123,73,one_step_equation_problems
508,0.716690,0.698718,312,one_step_equations
509,0.500000,,0,one_step_equations_0.5
510,0.438272,0.750000,56,one_step_inequalities
511,0.216524,0.675824,364,operations_with_negative_numbers
512,0.500000,,0,order_by_length
513,0.415781,0.707057,751,order_of_operations
514,0.500000,,0,ordering_decimals_new
515,0.161456,0.417910,67,ordering_fractions
516,0.401490,0.625000,64,ordering_improper_fractions_and_mixed_numbers
517,0.627598,0.919508,1056,ordering_negative_numbers
518,0.211598,0.671053,76,ordering_numbers
519,0.500000,,0,ordering_objects
520,0.407038,0.868421,38,parabola_intuition_1
521,0.401238,0.880000,25,parabola_intuition_2
522,0.318863,0.500000,12,parabola_intuition_3
523,0.660374,0.558140,43,parallel_and_perpendicular
524,0.770586,0.883648,318,parallel_lines_1
525,0.431746,0.780220,91,parallel_lines_2
526,0.653717,0.125000,8,parallel_lines_proportion
527,0.500000,,0,parallelogram_concept_and_application
528,0.683797,0.948553,311,parts_of_circles
529,0.299138,0.633333,30,percentage_concept
530,0.150043,0.335366,164,percentage_word_problems_1
531,0.210396,0.000000,9,percentage_word_problems_2
532,0.711991,0.827624,905,perimeter_1
533,0.428513,0.937063,143,perimeter_deduction
534,0.577051,0.844523,283,perimeter_of_combined_shapes
535,0.280878,0.238095,21,perimeter_of_sector
536,0.454806,0.828418,373,perimeter_of_squares_and_rectangles
537,0.177006,0.803030,66,permutations_1
538,0.530714,0.937299,622,place_value
539,0.543540,0.728571,70,place_value_big_number
540,0.193038,0.750000,88,place_value_concept
541,0.324573,,0,planar_graph_resizing
542,0.475459,0.727273,22,planting_problems
543,0.365831,0.670807,161,plotting_the_line_of_best_fit
544,0.674336,1.000000,8,plugging_in_values
545,0.284600,0.888889,9,point_slope_form
546,0.336514,0.604651,430,points_lines_and_planes
547,0.500000,,0,polygon_geometry_characteristic
548,0.683909,0.500000,4,polygon_similarity
549,0.396397,0.640449,89,polynomial_concept_and_proper_noun
550,0.352418,0.645390,141,position_relation_between_circle_point
551,0.236736,0.625000,8,power_rule
552,0.260884,0.802945,1426,prime_factorization
553,0.504854,0.779274,2451,prime_numbers
554,0.693641,0.783784,148,probability_1
555,0.688704,1.000000,8,product_rule
556,0.310010,0.166667,6,properties_of_incenters
557,0.695757,0.928638,1065,properties_of_numbers_1
558,0.503921,0.820076,528,properties_of_numbers_2
559,0.299281,0.647059,17,proportional_calculation
560,0.305176,0.000000,16,proportional_life_problems
561,0.728650,0.785714,42,proportional_or_inverse_proportional
562,0.251972,0.788732,71,proportions_1
563,0.648367,0.821429,56,proportions_2
564,0.275142,0.166667,12,proportions_inner_outer_product
565,0.583903,0.820513,39,pyramidal_prism
566,0.319106,,0,pythagorean_thaorem_application
567,0.446316,0.697819,642,pythagorean_theorem_1
568,0.500000,,0,pythagorean_theorem_2
569,0.480964,0.644737,76,quadratic_equation
570,0.291445,0.833333,6,quadratic_function_concept
571,0.289581,0.900000,10,quadratic_function_graphing
572,0.330605,0.533333,15,quadratic_function_maximum_and_minimum
573,0.673879,0.875000,32,quadratic_function_word_problem
574,0.291438,0.000000,2,quadratic_polynomial_word_problem
575,0.300948,0.000000,2,quadratics_word_problems
576,0.724062,0.825153,326,quadrilateral_angles
577,0.387408,0.711599,1276,quadrilateral_types
578,0.304208,0.300000,10,quotient_rule
579,0.283190,0.000000,2,radians_and_degrees
580,0.206796,0.417910,67,radians_to_degrees
581,0.266333,0.576923,26,radical_equations
582,0.301804,0.000000,1,radical_multiplication_and_division
583,0.621933,0.908150,773,radius_and_diameter
584,0.506106,0.741935,62,radius_angle
585,0.500000,,0,radius_angle_by_percentage
586,0.203036,0.780347,173,radius_diameter_and_circumference
587,0.245170,0.858333,120,radius_diameter_and_circumference_1
588,0.336820,0.558036,224,radius_diameter_and_circumference_314_1
589,0.485898,0.875000,16,range_of_a_function
590,0.368043,,0,range_of_triangle_sides_2
591,0.614188,,0,range_quarter_case_chart
592,0.724164,0.843823,429,rate_problems_0.5
593,0.155085,0.255319,47,rate_problems_1
594,0.253933,0.111111,18,rate_problems_2
595,0.687734,1.000000,8,rate_unit_transform
596,0.500000,,0,rates_and_ratios
597,0.500000,,0,ratio
598,0.240605,0.133333,15,ratio_and_the_ratio_of
599,0.281291,0.454545,22,ratio_discount
600,0.654839,0.821429,56,ratio_money
601,0.468829,0.755051,396,ratio_word_problems
602,0.302762,0.588235,17,re_graphics
603,0.485041,0.959212,711,reading_bar_charts_1
604,0.798400,0.879342,547,reading_bar_charts_2
605,0.326669,0.544974,189,reading_bar_charts_3
606,0.815159,0.971390,734,reading_fractions_in_chinese
607,0.451930,0.917989,378,reading_line_charts_1
608,0.782222,0.963592,412,reading_pictographs_1
609,0.204106,0.799145,234,reading_pictographs_2
610,0.346724,0.699248,133,reading_stem_and_leaf_plots
611,0.560960,0.883408,669,reading_tables_1
612,0.635701,0.857664,274,reading_tables_2
613,0.471332,0.875000,8,realizing_inequalities
614,0.560497,0.891892,185,recognize_decimal_percentile_position
615,0.370206,0.574257,101,recognize_graph_zoom_effect
616,0.441140,0.880753,478,recognize_num_less_than_10000
617,0.447210,0.869565,161,recognizing_conic_sections
618,0.726409,0.733333,15,recognizing_factoring
619,0.703476,0.954932,1176,recognizing_fractions
620,0.470430,0.825843,890,recognizing_fractions_0.5
621,0.407832,0.800866,1848,recognizing_rays_lines_and_line_segments
622,0.750954,0.855932,118,recognizing_shapes
623,0.500000,,0,recording_life _problem_by_expressions
624,0.348272,0.766423,137,recording_life_problem_by_expressions
625,0.367664,0.844828,58,regrouping_decimals
626,0.724313,0.708333,24,regular_number_of_columns
627,0.677446,1.000000,8,relationships_linear_equations
628,0.711199,,0,repeated_addition
629,0.436676,0.777778,9,represent_by_symbol_addend
630,0.368927,,0,represent_by_symbol_dividend
631,0.384421,0.622560,461,represent_by_symbol_multiplier
632,0.203727,,0,represent_by_symbol_subtrahend
633,0.602482,0.901155,5109,representing_numbers
634,0.500000,,0,reproduction
635,0.500000,,0,reproduction_bctest_cap
636,0.221728,0.685268,448,rounding_numbers
637,0.446202,0.796537,462,rounding_whole_numbers
638,0.432490,0.813492,252,same_side_exterior_angles
639,0.707571,0.804878,82,same_side_exterior_angles_2
640,0.309518,0.699164,359,same_side_interior_angles
641,0.696913,0.771930,171,same_side_interior_angles_2
642,0.290534,0.689655,58,scale
643,0.500000,,0,scale_see_compare_see
644,0.501885,0.783333,60,scaling_vectors
645,0.397230,0.813309,541,scientific_notation
646,0.568303,0.780142,141,scientific_notation_decimals
647,0.280257,0.939068,558,scientific_notation_intuition
648,0.412311,0.655914,186,sectors_as_fraction_of_circles_1
649,0.678054,0.687500,96,sectors_as_fraction_of_circles_2
650,0.651197,0.843137,51,segment_addition
651,0.423356,0.843850,935,separation_and_union
652,0.500000,,0,seq-arithmetic-means-1
653,0.500000,,0,seq-arithmetic-means-2
654,0.500000,,0,seq-arithmetic-sequences-l1
655,0.500000,,0,seq-arithmetic-sequences-l2
656,0.500000,,0,seq-understaning-arithmetic-sequence
657,0.500000,,0,seq-understaning-arithmetic-sequence-1
658,0.500000,,0,seq-understaning-arithmetic-sequence-2
659,0.500000,,0,seq_sequence_exam_1
660,0.500000,,0,seq_sequence_exam_2
661,0.500000,,0,seq_sequence_exam_3
662,0.500000,,0,seq_sequence_pattern_1
663,0.500000,,0,seq_sequence_pattern_2
664,0.377360,,0,seq_understanding_sequence_1
665,0.406457,,0,seq_understanding_sequence_2
666,0.500000,,0,seq_understaning_arithmetic_sequence_1
667,0.500000,,0,seq_understaning_arithmetic_sequence_2
668,0.685843,0.875000,8,sequences_word_problems
669,0.240101,0.000000,11,shaded_areas
670,0.289760,0.648649,37,shifting_and_reflecting_functions
671,0.500000,,0,short_divide_gcf_and_lcm
672,0.500000,,0,side_length_cube_and_relationship_with_volume_cuboid
673,0.850978,0.958206,981,sides_and_angles_of_simple_shapes
674,0.259142,0.763359,131,significant_figures_1
675,0.475955,0.620968,620,similar_triangles_1
676,0.411038,0.735955,178,similar_triangles_2
677,0.338508,0.625000,56,similar_triangles_review
678,0.500000,,0,simple_calculation_of_composite_volume
679,0.260883,0.400000,10,simple_hologram_concept
680,0.287261,0.222222,9,simple_hologram_surface_area
681,0.216399,0.308642,81,simplificate_ractional_formula
682,0.567393,,0,simplify_expressions_w_two_var_1
683,0.690523,1.000000,1,simplify_expressions_w_two_var_2
684,0.500000,,0,simplify_expressions_w_two_var_3
685,0.342684,0.000000,1,simplify_the_root_type
686,0.221398,0.661017,59,simplifying_expressions_with_exponents
687,0.372115,0.748042,766,simplifying_fractions
688,0.349110,0.732143,168,simplifying_radicals
689,0.500000,,0,simplifying_rational_expressions_1
690,0.500000,,0,simplifying_rational_expressions_2
691,0.500000,,0,skip_counting_by_100s
692,0.932422,,0,skip_counting_by_10s
693,0.915317,,0,skip_counting_by_5s
694,0.357086,1.000000,8,slope_intercept_form
695,0.331630,0.916667,24,slope_of_a_line
696,0.262826,0.588832,197,solid_geometry
697,0.268917,0.608000,125,solutions_to_systems_of_equations
698,0.681751,1.000000,8,solving_for_a_variable
699,0.715879,0.941176,17,solving_for_the_x-intercept
700,0.338526,0.888889,9,solving_for_the_y-intercept
701,0.232599,0.157895,57,solving_linear_equations
702,0.700024,1.000000,9,solving_linear_inequalities
703,0.500000,,0,solving_problems_with_line_plots_1
704,0.500000,,0,solving_problems_with_picture_graphs_1
705,0.309572,0.676471,68,solving_quadratics_by_factoring
706,0.219359,0.767442,43,solving_quadratics_by_factoring_2
707,0.422195,0.478261,23,solving_quadratics_by_taking_the_square_root
708,0.533808,0.705882,34,solving_similar_triangles_1
709,0.274793,0.285714,42,solving_similar_triangles_2
710,0.324440,,0,sort-groups-by-count_1
711,0.535557,0.900000,10,special_derivatives
712,0.367599,0.708333,24,special_right_triangles
713,0.500000,,0,special_triangle_and_quadrilateral_concept
714,0.685681,0.750000,8,speed_applying
715,0.458660,0.631148,122,speed_equal_to_distance_divide_time
716,0.395778,0.571429,7,square_cm_square_m_unit_transform
717,0.299195,0.000000,1,square_root_calculation_3
718,0.706559,0.960227,352,square_roots
719,0.570634,0.852713,129,square_roots_2
720,0.267324,0.000000,2,standard_deviation
721,0.785908,0.311111,45,statistical_table_and_chart
722,0.290032,0.753846,65,subtract_of_positive_negative_fraction
723,0.453646,0.819936,311,subtracting_decimals
724,0.576162,0.861771,463,subtracting_decimals_0.5
725,0.244991,0.653846,78,subtracting_fractions
726,0.688382,0.931280,422,subtracting_fractions_with_common_denominators
727,0.828206,0.983618,5494,subtraction_1
728,0.655472,0.945939,3644,subtraction_2
729,0.544580,0.895935,2460,subtraction_3
730,0.676793,0.837925,1851,subtraction_4
731,0.731528,0.849558,226,subtraction_and_addition
732,0.331689,0.569767,86,subtraction_of_vary_denominator_fraction
733,0.718192,,0,subtraction_within_20
734,0.809398,0.849785,233,supplementary_angles
735,0.228509,0.728000,125,surface_area_of_cylinders
736,0.415734,0.660377,265,surface_area_of_rectangular_boxes
737,0.366580,0.618375,283,symmetry_concept_and_application
738,0.313120,0.421053,19,systems_of_equ_elimination_1
739,0.678794,,0,systems_of_equ_substitution_1
740,0.686724,1.000000,8,systems_of_equ_substitution_2
741,0.283972,0.000000,2,systems_of_equations
742,0.471527,0.551020,49,systems_of_equations_with_elimination
743,0.552015,0.681159,69,systems_of_equations_with_elimination_0.5
744,0.667948,1.000000,8,systems_of_equations_with_elimination_2
745,0.685851,0.800000,5,systems_of_equations_with_elimination_3
746,0.313053,0.666667,51,systems_of_equations_with_substitution
747,0.375224,0.542857,35,systems_of_equations_word_problems
748,0.571299,0.847444,3697,telling_time
749,0.578880,0.889618,5182,telling_time_0.5
750,0.321833,0.811857,2817,telling_time_2
751,0.439172,0.767717,1016,telling_time_comparing
752,0.500000,,0,tenfold_and_hundred_fold
753,0.334105,0.782609,23,the_complex_plane
754,0.369309,0.476489,319,the_four_arithmetic_exponentially
755,0.409788,0.897331,487,the_fundamental_theorem_of_arithmetic
756,0.538156,0.898474,1704,time_terminology
757,0.367176,0.864811,503,time_units_transformation_1
758,0.431602,0.904878,410,time_units_transformation_2
759,0.481238,0.877150,407,time_units_transformation_3
760,0.698418,0.902825,885,time_word_problem_1
761,0.598393,0.861622,925,time_word_problem_2
762,0.474108,0.880303,660,time_word_problem_3
763,0.444284,0.882747,597,time_word_problem_4
764,0.497083,0.481928,332,time_word_problem_5
765,0.500000,,0,transportation_bctest_cap
766,0.500000,,0,trapezoid_concept_and_application
767,0.405412,0.819876,161,triangle_angles_1
768,0.374317,0.805031,159,triangle_angles_sum
769,0.500000,,0,triangle_central_core_concept
770,0.226597,0.739362,188,triangle_inequality_theorem
771,0.297963,0.400000,5,triangle_length_of_side
772,0.660285,0.805871,1056,triangle_types
773,0.500000,,0,triangles_congruent_nature_aas
774,0.298814,0.000000,9,triangles_congruent_nature_asa
775,0.304936,0.000000,1,triangles_congruent_nature_rhs
776,0.303085,0.000000,1,triangles_congruent_nature_sas
777,0.302711,0.000000,1,triangles_congruent_nature_sss
778,0.531971,0.750000,8,triangles_similar_nature
779,0.173090,,0,trig_identities_1
780,0.231372,0.000000,12,trigonometry_0.5
781,0.259811,0.777778,9,trigonometry_1
782,0.157609,,0,trigonometry_1.5
783,0.150958,,0,trigonometry_2
784,0.569819,0.837438,203,understand_circle
785,0.529282,0.853611,1537,understand_coins
786,0.782888,0.959854,274,understand_equivalent_axiom
787,0.331488,0.728972,107,understand_large_numbers_and_conversion
788,0.658946,0.840304,263,understand_length_unit
789,0.500000,,0,understand_percentage
790,0.684524,1.000000,107,understand_range_of_graphie
791,0.607819,0.746544,217,understanding_comparing_angle
792,0.520880,0.917391,460,understanding_decimals_place_value
793,0.389492,0.619565,184,understanding_km
794,0.487121,0.882353,238,understanding_moving_the_decimal
795,0.729573,0.697674,43,understanding_square_rectangular
796,0.282225,,0,ungroup_median
797,0.506386,,0,unit_circle
798,0.686055,1.000000,8,unit_conversion_rate
799,0.188023,0.328125,64,units
800,0.500000,,0,using_fractions_to_divide_pizzas_pies_and_cakes
801,0.313545,0.100000,10,variables_word_problems_1
802,0.500000,,0,variables_word_problems_2
803,0.279186,0.000000,6,variance
804,0.325128,0.880000,25,vector_add_sub_two
805,0.349509,0.500000,40,vertex_of_a_parabola
806,0.298774,0.250000,4,vertical_and_parallel
807,0.691820,0.978202,367,vertical_angles
808,0.422669,0.722222,144,vertical_angles_2
809,0.275211,0.411765,34,vertical_concepts
810,0.510578,,0,visualizing_equivalent_fraction
811,0.672140,0.697674,86,volume_and_cc
812,0.588708,0.806306,222,volume_box
813,0.722716,0.727273,22,volume_box_cover
814,0.261934,0.676768,99,volume_box_nocover
815,0.484522,0.882353,51,volume_container
816,0.357354,0.796296,54,volume_container_hight
817,0.237397,0.846154,104,volume_of_cylinders
818,0.499777,0.761246,289,volume_of_rectangular_boxes
819,0.336515,0.737705,61,volume_of_rectangular_boxes_2
820,0.706190,0.794521,146,volume_of_rectangular_boxes_3
821,0.180401,0.585714,70,volume_of_triangular_prisms
822,0.729555,0.825806,155,volume_space
823,0.500973,0.648276,290,volume_unit_conversion
824,0.336281,0.440299,134,word_problem_formula_translate
825,0.293168,0.655462,119,writing_and_interpreting_decimals
826,0.327363,0.592742,496,writing_expressions_1
827,0.334731,0.363636,66,writing_expressions_2
828,0.244380,0.508772,57,writing_expressions_3
829,0.652143,1.000000,7,writing_expressions_w_two_var
830,0.298162,0.701338,2615,writing_fractions_1
831,0.487986,0.628821,229,writing_proportions
832,0.324413,,0,z_scores_1
833,0.284555,0.000000,1,z_scores_2
834,0.250735,0.000000,2,z_scores_3
