from_idx,to_idx
11,0
0,1
5,1
1,2
389,3
753,4
211,4
143,4
11,5
359,5
511,6
373,7
12,8
753,8
723,9
725,10
21,10
23,11
256,12
688,13
733,14
628,14
34,15
16,15
616,15
197,16
198,16
15,19
22,21
687,21
513,22
620,22
517,23
730,24
731,24
11,26
10,27
170,27
27,28
729,29
387,30
487,32
31,32
177,32
785,32
494,32
14,32
32,33
32,34
261,34
722,35
756,36
308,38
826,39
826,40
389,41
650,42
524,43
156,43
650,44
524,45
156,45
807,49
767,50
355,51
791,52
621,53
52,53
772,54
54,55
577,56
343,58
378,59
389,60
646,62
62,63
272,64
636,65
70,66
513,67
72,68
588,68
68,69
649,70
55,71
67,72
77,72
72,73
376,74
602,74
778,75
75,76
67,77
71,78
55,79
55,80
55,81
85,83
513,84
184,85
665,85
433,86
85,87
90,88
449,88
32,89
728,89
445,90
237,90
122,91
417,92
675,93
598,94
642,94
96,94
94,95
556,97
525,98
418,98
526,98
676,99
554,100
100,101
71,102
92,103
831,104
597,104
709,105
551,108
711,108
513,109
584,111
12,113
549,113
476,114
114,115
829,116
681,116
475,117
117,118
710,121
478,122
477,122
0,123
825,124
125,126
687,127
127,128
170,129
423,130
424,132
458,133
503,134
178,134
135,134
503,135
734,136
137,136
421,136
53,137
707,138
705,138
141,138
707,139
706,140
138,140
139,141
38,142
232,145
234,145
510,146
348,146
718,148
576,149
576,150
576,151
163,153
152,153
735,154
55,155
638,156
640,156
42,156
175,156
44,156
621,157
55,158
525,158
98,158
158,159
155,159
309,161
359,162
479,163
545,164
694,164
694,165
169,166
10,166
166,167
167,168
294,168
216,169
620,169
687,170
167,171
390,172
172,173
650,175
524,176
156,176
181,177
180,177
37,177
419,177
178,179
504,180
633,181
272,183
10,183
183,184
603,185
417,186
591,186
705,187
290,187
273,189
756,192
358,193
794,194
167,195
32,196
625,196
196,197
196,198
22,199
309,200
493,201
159,202
259,203
347,204
384,205
205,206
389,208
168,209
171,209
386,210
335,210
567,211
566,211
461,212
464,214
218,215
242,216
216,217
243,217
220,217
217,218
216,219
219,220
469,221
222,221
470,222
222,223
300,223
225,224
468,225
475,225
618,225
225,226
226,227
227,228
224,229
229,230
552,231
233,232
240,233
233,234
443,235
235,236
235,237
236,238
237,238
237,239
239,240
240,241
445,242
240,242
242,243
239,244
244,245
242,245
309,246
310,247
246,247
605,248
270,250
720,250
341,252
617,253
253,254
253,255
165,256
164,256
253,257
513,258
620,258
810,258
258,259
203,260
32,261
636,262
65,262
682,263
476,264
10,264
630,264
264,265
310,266
53,268
421,268
513,269
803,270
273,271
461,272
64,273
273,274
274,275
687,276
390,277
277,278
340,279
468,280
475,280
280,281
281,282
468,284
475,284
284,285
285,287
285,288
282,289
705,290
252,291
93,293
513,295
299,298
22,299
726,299
222,300
221,303
303,304
620,305
170,306
306,307
469,308
389,309
309,310
161,310
310,311
378,313
340,313
340,314
546,315
110,317
577,318
159,319
159,320
319,320
320,321
159,322
396,322
153,322
552,323
292,323
326,324
324,325
256,326
521,327
327,328
328,329
805,329
387,330
330,331
345,332
330,333
76,334
326,335
335,336
325,336
336,337
360,338
783,339
242,340
552,340
323,340
669,342
538,343
723,343
57,343
787,343
330,344
330,345
256,346
554,347
398,348
387,349
613,349
392,350
702,351
110,353
584,353
111,353
353,354
354,355
513,356
824,356
295,356
15,357
357,358
0,359
331,360
344,360
345,360
493,361
208,362
783,363
247,364
589,364
93,365
368,366
369,366
366,367
430,368
368,369
569,370
428,371
374,372
375,373
792,374
436,374
374,375
772,376
378,377
552,378
323,378
552,379
59,379
423,380
130,380
551,381
711,381
569,383
339,383
363,383
779,383
383,384
695,385
256,386
265,387
508,387
115,387
387,388
388,389
389,390
60,391
389,392
510,392
546,393
274,394
394,395
163,396
650,397
510,398
168,399
171,399
742,400
405,400
400,401
400,402
408,403
405,404
345,405
332,405
405,406
412,407
401,408
401,409
402,411
415,412
406,413
402,414
406,415
413,416
269,417
692,419
421,420
621,421
422,423
621,425
380,425
436,426
429,428
636,429
636,430
430,431
430,432
85,433
211,434
425,435
157,435
792,436
756,437
331,438
681,439
104,440
428,441
32,442
442,443
443,444
133,444
444,445
455,445
445,446
459,446
446,447
88,448
460,448
90,449
212,450
475,451
451,452
475,453
452,454
444,455
447,456
446,456
299,457
298,457
443,458
445,459
88,460
11,461
243,461
11,462
645,463
468,464
8,464
358,465
447,466
357,466
12,467
467,468
470,469
687,470
6,472
469,473
170,474
469,474
467,475
688,476
622,477
477,478
590,480
11,481
493,481
201,481
11,482
462,482
493,483
389,484
484,485
495,486
489,488
487,489
491,490
488,491
723,492
492,493
490,494
461,495
496,497
497,498
500,501
501,502
651,503
179,504
727,506
32,506
264,507
786,507
264,508
349,510
11,511
26,511
558,513
495,513
212,513
486,513
614,514
128,515
129,516
493,517
483,517
515,518
617,520
520,521
805,522
546,523
638,524
640,524
42,524
44,524
175,524
176,525
43,525
45,525
639,525
641,525
525,526
150,527
536,528
186,529
168,530
171,530
530,531
513,532
790,532
532,533
534,533
513,534
795,534
649,535
532,536
184,537
19,538
614,538
538,539
538,540
159,541
184,542
626,542
607,543
385,544
385,545
621,546
321,547
105,548
110,550
206,551
553,552
145,552
232,553
234,553
184,554
551,555
711,555
577,556
461,557
557,558
208,559
564,560
559,561
362,561
562,563
831,564
79,565
567,566
13,567
782,568
140,569
309,570
570,571
571,572
572,573
187,574
187,575
574,575
577,576
55,577
551,578
711,578
580,579
202,579
159,580
688,581
13,582
536,583
110,584
528,586
784,586
528,587
583,587
588,587
310,589
246,589
770,590
417,591
799,592
592,593
593,594
594,595
563,596
831,597
276,598
600,599
601,600
376,602
612,603
721,603
603,604
604,605
417,605
513,606
603,607
611,608
608,609
612,610
444,611
121,611
611,612
387,613
19,614
126,614
159,615
34,616
12,617
468,618
620,619
513,620
830,620
73,621
68,621
41,624
124,625
184,626
338,627
177,628
631,630
632,631
629,632
134,633
504,633
637,636
538,637
650,638
524,639
156,639
650,640
524,641
156,641
598,642
30,644
647,645
645,646
274,647
271,647
110,648
648,649
425,650
157,650
182,651
652,653
667,654
654,655
653,659
659,660
660,661
665,662
662,663
664,665
665,666
666,667
87,668
110,669
78,669
247,670
311,670
589,670
645,674
159,675
778,675
675,676
708,677
819,679
696,680
115,681
116,682
682,683
682,684
719,685
271,686
340,687
22,687
259,687
726,687
260,687
719,688
685,688
177,691
693,692
181,693
385,694
699,694
360,695
79,696
80,696
81,696
71,696
78,696
679,696
102,696
335,697
390,698
700,699
360,700
389,701
392,702
704,703
284,705
705,706
284,707
676,708
708,709
206,711
567,712
149,713
715,714
751,715
636,715
592,715
74,716
719,717
273,718
718,719
148,719
803,720
612,721
10,722
724,723
730,724
15,724
726,725
687,725
513,726
620,726
199,726
31,727
727,728
728,729
729,730
25,730
29,730
730,731
722,732
37,733
53,734
78,735
72,736
365,737
742,738
746,739
739,740
746,741
742,741
743,742
335,743
738,744
738,745
744,745
335,746
741,747
749,748
748,750
750,751
346,753
686,754
552,755
728,756
748,756
242,757
761,757
764,757
757,758
757,759
750,760
89,760
729,761
750,761
760,762
761,763
763,764
149,766
768,767
772,767
772,768
97,769
767,770
376,771
49,772
159,773
159,774
159,775
159,776
159,777
159,778
615,778
541,778
783,779
567,780
579,780
780,781
797,781
781,782
782,783
528,784
487,785
264,786
538,787
540,787
430,788
793,788
621,791
538,792
430,793
466,794
673,795
144,795
417,796
579,797
714,798
469,799
142,799
308,800
828,801
828,802
417,803
796,803
401,804
327,805
138,805
523,806
136,807
268,807
136,808
268,808
546,809
80,811
72,812
812,813
822,813
812,814
822,814
812,815
822,815
812,816
822,816
78,817
72,818
811,818
818,819
819,820
818,821
565,821
72,822
794,823
486,824
264,826
826,827
827,828
827,829
513,830
341,830
291,830
270,832
720,832
832,833
833,834
